ticker,BidangUsaha,JumlahAset,Lokasi,MataUang,Nama,Persentase,Satuan,StatusOperasi,TahunKomersil
AALI,Perkebunan Sawit,231178.0,Kalimantan Tengah,,PT Agro Menararachmat,99.99,,Operasi,1998
ABBA,PENERBITAN PERS,136794322232.0,JAKARTA,,PT REPUBLIKA MEDIA MANDIRI,92.0,,AKTIF,2004
ABDA,Asuransi Umum,2809365931.0,Jakarta,,"PT Asuransi Bina Dana Arta, Tbk",100.0,,Aktif,1982
ABMM,Industri pembangkit listrik energi thermal,1203922.0,Jakarta,,PT Karimun Power Plant(melalui SS),85.0,,Belum operasi,0
ACES,INDUSTRI DAN PERDAGANGAN,115395710039.0,JAKARTA,,PT TOYS KINGDOM INDONESIA,60.0,,AKTIF,2016
ACST,Perdagangan Besar dan Jasa Pelayanan Purna Jual,2000000000.0,Jakarta,,PT Aneka Raya Konstruksi Mesindo,80.0,,Belum aktif,2014
ADES,,,,,,,,,
ADFO,,,,,,,,,
ADHI,Realti,1084607752365.0,Jakarta,,PT Adhi Persada Realti,99.97,,Anak Perusahaan,2008
ADMF,,,,,,,,,
ADMG,Industri,54844352.0,Jakarta,,PT Filamendo Sakti,93.0,,Aktif,1993
ADRO,,,,,,,,,
AGAR,,,,,,,,,
AGII,Produksi dan Perdagangan gas,131790769.0,Cilegon,,PT Krakatau Samator,55.0,,In Progress,
AGRO,,,,,,,,,
AGRS,PERBANKAN,4217368.0,JAKARTA,,PT BANK AGRIS TBK,0.0,,AKTIF,2016
AHAP,,,,,,,,,
AIMS,,,,,,,,,
AISA,Industri Perkebunan Kelapa Sawit,1975623.0,Jakarta,,PT. Golden Plantation,78.17,,,
AKKU,Industri kemasan plastik,10011894007.0,Tangerang,,PT Aneka Plastindo Yutama,99.9999,,Beroperasi,2011
AKPI,Manufaktur film BOPP,614790808265.0,,,Stenta Films (M) Sdn. Bhd.,22.95,,,
AKRA,JASA LOGISTIK,28445000000.0,JAKARTA,,PT. AKR TRANSPORTASI INDONESIA,99.99,,AKTIF,2013
AKSI,PERANTARA PEDAGANG EFEK,300000000000.0,JAKARTA,,PT NUSADANA SEKURITAS,99.0,,BELUM BEROPERASI,2014
ALDO,Distribusi bahan kimia,150925655707.0,Cimareme,,PT Swisstex Naratama Indonesia,51.0,,aktif,2006
ALKA,Industri Aluminium,78080079.0,Jakarta,,PT Alakasa Extrusindo (AE),100.0,,2001,2001
ALMI,,,,,,,,,
ALTO,Industri air mineral,776290868577.0,Jakarta,,Tirtamas Abadi Berjaya,99.54,,Beroperasi,2011
AMAG,REKSADANA,102450961211.0,"MNC FINANCIAL CENTER, JL. KEBON SIRIH NO.21-27. JAKARTA 10340. INDONESIA",,REKSADANA TERPROTEKSI MNC DANA TERPROTEKSI II,100.0,,,2016
AMAN,Perhotelan,220685260.0,Bali,IDR,PT Makmur Berkah Amanda Hotel,81.79,RIBUAN,Beroperasi,2018
AMAR,,,,,,,,,
AMFG,Jasa penggantian dan  Perbaikan  kaca pengaman  kendaraan bermotor,6824.0,Jakarta ,,PT Auto Glass Indonesia,100.0,,Aktif ,2001
AMIN,,,,,,,,,
AMOR,,,,,,,,,
AMRT,Perdagangan eceran untuk produk konsumen,3702642.0,Tangerang,,PT Midi Utama Indonesia Tbk,87.0,,Aktif,2007
ANDI,,,,,,,,,
ANJT,Energi Terbarukan,2452629.0,"Belitung, Bangka Belitung",,PT Austindo Aufwind New Energy (AANE),99.18,,Pra Operasi,
ANTM,Perusahaan investasi,92738776.0,Australia,,"Asia Pacific Nickel Pty., Ltd.",100.0,,Telah Beroperasi Komersial,2003
APEX,Mengelola dan menyewakan semua tipe kapal ,0.0,Singapura,,Apexindo Raniworo Pte. Ltd.,100.0,,Dilikuidasi pada 6 Maret 2013,2007
APIC,"Kegiatan Perdagangan, pengangkutan, pembangunan, perindustrian, jasa percetakan, Perbengkelan, Pertanian dan Kehutanan",107174101663.0,Gedung Office 8 lt. 5 SCBD Lot ,,PT Pacific Strategic Invesco,100.0,,Aktif,2016
APII,Perdagangan Besar,3563363453.0,Jakarta,,PT Arita Biotech International,99.0,,Beroperasi,2016
APLI,,,,,,,,,
APLN,Perumahan,358451328.0,Jakarta,,PT Kharisma Bakti Sejahtera,70.0,,Operasi,2010
ARGO,Perwakilan Pemasaran,1729.0,Hong Kong,,Argo Pantes (HK),99.0,,TIDAK AKTIF,1998
ARII,Investasi,9094.0,Jakarta,,PT Aquela Pratama Indonesia,100.0,,-,0
ARKA,,,,,,,,,
ARMY,,,,,,,,,
ARNA,Industri Keramik,407341600022.0,Serang,,PT Arwana Nuansakeramik,100.0,,Sudah Beroperasi,2000
ARTA,Perhotelan,319452424695.0,Jl.Pecenongan 72 Jak-Pus,,PT.Sanggraha Dhika,51.0,,Berjalan,1995
ARTI,"Properti, Oil & Gas Services                           ",2050573574539.0,Jakarta,,PT. Lekom Maras,99.0,,Operasi,1978
ARTO,,,,,,,,,
ASBI,Penyewaan Gedung Kantor & Kendaraan,17166890.0,Jakarta,,PT. Bintang Graha Loka,100.0,,,2005
ASDM,,,,,,,,,
ASGR,Penyedia jasa konsultasi teknologi dan implementasi,528710.0,"ANZ Tower, Lantai 22 Jalan Jendral Sudirman Kav. 33A",,PT Astra Graphia Information Technology,100.0,,Beroperasi,2016
ASII,Otomotif,1460.0,Indonesia,,PT Arya Kharisma,100.0,,Aktif,1988
ASJT,-,0.0,-,,-,0.0,,-,0
ASMI,,,,,,,,,
ASPI,Real Estat,27831029433.0,Jakarta,IDR,PT Andalan Sakti Nusa,80.0,PENUH,Operasi,2013
ASRI,Real Estat dan Pengelola Gedung,1149731656.0,Jakarta,,PT Duta Prakarsa Development,99.0,,Operasional,2013
ASRM,Penyewaan Properti & Kendaraan,56682041581.0,Jakarta,,PT. Wisma Ramayana,100.0,,Aktif,1987
ASSA,Pengurusan Transportasi,0.0,,,PT Adi Sarana Logistik,99.5,,,
ATIC,Jasa teknologi informasi,0.0,Kuala Lumpur Malaysia,,Anabatic Technologies Malaysia Sdn. Bhd.,50.0,,Sudah Beroperasi,2015
AUTO,,0.0,"South Victoria, AustraliaSouth Victoria, Australia",,AOP Australia Pty. Ltd. (AAU),100.0,,,2004
AYLS,,,,,,,,,
BABP,,,,,,,,,
BACA,Perbankan,12758234.0,"Gedung Sona Topas lantai 12, Jl Jendral Sudirman Kav 26, Jakarta Selatan",,"PT Bank Capital Indonesia,tbk",0.0,,,2016
BAJA,,,,,,,,,
BALI,Pengelolaan dan penyewaan menara BTS,124692569888.0,Jakarta,,PT Paramitra Intimega,100.0,,Beroperasi,2010
BAPA,Real Estate (Alamanda Regency),110581127962.0,Bekasi Timur,,PT. Karya Graha Cemerlang,100.0,,Aktif,2005
BAPI,,,,,,,,,
BATA,,,,,,,,,
BAYU,Transportasi,454419341.0,Denpasar-Bali,,PT Bayu Buana Transport,99.0,,Aktief,1990
BBCA,"Perantara efek, Penjamin Emisi Efek, dan Manager Investasi",299663.0,Jakarta,,PT Dinamika Usaha Jaya,75.0,,,1990
BBHI,,,,,,,,,
BBKP,Financing Activity,294912.0,Jakarta,,PT. Bukopin Finance,96.0,,Aktif,1983
BBLD,,,,,,,,,
BBMD,Perbankan,7360491679334.0,Medan,,PT.Bank Mestika Dharma Tbk,99.94,,Devisa,1956
BBNI,Asuransi Jiwa,12411341.0,Jakarta,,PT. BNI Life Insurance,60.0,,,1997
BBRI,Perbankan,25568485.0,Jakarta,,PT Bank BRISyariah,100.0,,Aktif,2008
BBRM,Penyewaan kapal tunda dan tongkang beserta awak kapal,36057562.0,Singapura,,"BBR Shipping Pte, Ltd.",100.0,,Beroperasi,2011
BBSI,,,,,,,,,
BBSS,,,,,,,,,
BBTN,,,,,,,,,
BBYB,,,,,,,,,
BCAP,Jasa pengelolaan Investasi,51383326.0,Jakarta,,PT MNC Asset Management,99.99,,Aktif,1999
BCIC,,,,,,,,,
BCIP,Water Treatment,16089137660.0,"Millennium Industrial Estate Jl. Millennium Raya blok A. 23 , Cikupa - Tangerang",,PT. Milwater Pratama Mandiri,60.0,,Aktif,2011
BDMN,Pembiayaan,27012384.0,"Jakarta, Indonesia",,PT Adira Dinamika Multi Finance Tbk,92.0,,,1990
BEEF,Pengolahan makanan,87570.0,Bekasi,IDR,PT De Glow Interntional,99.62,JUTAAN,Beroperasi,2009
BEKS,,,,,,,,,
BELL,Distributor,79286843579.0,Jakarta,IDR,PT Mido Indonesia,99.0,PENUH,2002,2002
BESS,,,,,,,,,
BEST,Kawasan industri,2155815995809.0,Bekasi,,PT Bekasi Matra Industrial Estate,100.0,,Beroperasi,2010
BFIN,0,0.0,0,,0,0.0,,0,0
BGTG,-,0.0,-,,-,0.0,,-,2016
BHAT,Jasa Konsultasi Manajemen,109844078.0,Jakarta,IDR,PT Bhakti Fintek Indonesia,99.0,PENUH,Belum beroperasi komersial,
BHIT,Media dan Penyiaran,26176787000000.0,Jakarta,,PT. Global Mediacom Tbk (Mediacom),52.84,,aktif,1982
BIKA,pembangunan,159280983892.0,Bali,,PT Anaamaya Selaras,87.0,,,2013
BIMA,,,,,,,,,
BINA,,,,,,,,,
BIPI,Energi Jasa Pendukung,1125242.0,Jakarta,,PT Benakat Patina,99.8,,Aktif,2008
BIPP,Pelayaran Wisata,9570284770.0,Jakarta,,PT. BIP Nusatirta,99.7,,non aktif,2008
BIRD,Taksi,496024.0,Jakarta,,PT Blue Bird Pusaka ,99.0,,Beroperasi,2000
BISI,Memproduksi pestisida,361596.0,Mojokerto,,PT Multi Sarana Indotani,100.0,,Beroperasi,2005
BJBR,Perbankan,154644.0,Garut,,BPR LPK Garut Kota,31.7,,Bank Perkreditan Rakyat,2012
BJTM,,,,,,,,,
BKDP,Jasa informasi dan pelayanan pemasaran/aktif,781828296.0,,,PT. Adhi Property Solution,65.0,,,
BKSL,PERDAGANGAN ALAT KESEHATAN & LABORATORIUM,229199157384.0,Bogor,,PT. PERTAMEDIKA SENTUL,65.0,,,
BKSW,,,,,,,,,
BLTA,Dormant,86396.0,Panama,,Zona Overseas International Shipping S.A,100.0,,Tidak Aktif,1997
BLTZ,"Jasa Konsultasi, manajemen dan lisensi bioskop",9169779749.0,Jakarta,,PT Graha Layar Mitra,100.0,,Aktif,2012
BLUE,,,,,,,,,
BMAS,,,,,,,,,
BMRI,Pengelolaan Properti,171826.0,Jakarta,,PT Usaha Gedung Mandiri,99.0,,,
BMSR,Eksplorasi dan Produksi Minyak dan Gas Bumi,33515735996.0,Jakarta,,PT Binatek Reka Kruh (BRK),90.0,,Beroperasi,2002
BMTR,Konten dan Iklan,0.0,Banjarmasin,,PT Radio Citra Borneo Mandani ( RCBM ),100.0,,beroperasi,2007
BNBA,,,,,,,,,
BNBR,Industri & Perdagangan,0.0,,,PT Bakrie Investa Eco Industri,40.0,,,
BNGA,Jasa pembiayaan keuangan,1274061000000.0,Jakarta,,PT Kencana Internusa Artha Finance,99.9,,,
BNII,Jasa Pembiayaan Konsumen,5529586.0,Jakarta,,PT WOM Finance Tbk,68.55,,Aktif,1982
BNLI,Pembiayaan konsumen,348616.0,Jakarta,,PT Sahabat Finansial Keluarga,99998.0,,Masih beroperasi,1994
BOGA,"Perdagangan, pengangkutan, pembangunan, perindustrian, jasa, percetakan, perbengkelan,pertanian, dan kehutanan",223402517918.0,Sukoharjo,IDR,PT Sumber Utama Niaga,100.0,PENUH,belum beroperasi,0
BOLA,"Perdagangan Umum dan
Jasa",20725618864.0,Bali,IDR,PT Kreasi Karya Bangsa,90.0,PENUH,Operasional,2018
BOLT,Manufaktur,16852126198.0,"Kawasan Industri MM 2100 Blok D 5-1, Mekar Wangi - Cikarang Barat, Bekasi - Indonesia",,PT. Indonesian Tooling Technology,49.0,,Aktif,2016
BOSS,Investasi,8298.0,Jakarta,IDR,PT Pratama Prime Resources (PPR),99.99,JUTAAN,Pra-operasi,
BPFI,Asuransi,163496306734.0,Jakarta,,PT Malacca Trust Wuwungan Insurance,23.88,,Indonesia,2014
BPII,Properti,10414068389.0,Jakarta,,PT Batavia Prosperindo Properti,99.99,,Operasi,2015
BPTR,,,,,,,,,
BRAM,Produsen benang ban Polyester,73584718.0,"Citeureup, Indonesia",,PT Indo Kordsa Polyester,100.0,,aktif,1997
BRIS,,,,,,,,,
BRMS,Perdagangan,1365404820.0,,,Multi Capital,99.9,,,
BRNA,Industri laminasi plastik dan kemasan,461446038.0,Sidoarjo Jawa Timur,,PT Lamipak Primula Indonesia,70.0,,1986,1986
BRPT,Petrokimia,2035078.0,Jakarta,,PT Chandra Asri Petrochemical Tbk,50.0,,,1993
BSDE,Property dan Real Estate,9539529517416.0,Jakarta ,,PT Duta Pertiwi Tbk.,89.0,,Beroperasi,1987
BSIM,,,,,,,,,
BSSR,"Perdagangan, Industri umum dan Pertambangan",133932296.0,Propinsi Kalimantan Selatan,,PT Antang Gunung Meratus,100.0,,Beroperasi,1999
BSWD,,,,,,,,,
BTEK,HPH,92109558721.0,"Papua, Irian Jaya",,PT Bangun Kayu Irian,80.0,,Beroperasi,1980
BTEL,Jasa Telekomunikasi & Infrastruktur,508522697.0,Wisma Bakrie 1 lt 1  Jl. HR Rasuna Said Jakarta,,PT Bakrie Network,99.8,,,2010
BTON,,,,,,,,,
BTPN,Perbankan,940151.0,"Jl. Pamularsih No.17, Semarang",,PT Bank Sahabat Purba Danarta,70.0,,Bank Umum,1992
BTPS,,,,,,,,,
BUDI,Industri Monosodium Glutamat,81077.0,Lampung,,PT Ve Wong Budi Indonesia,51.0,,Tidak Aktif,1998
BUKK,Industri pengolahan hasil tambang,23515759.0,"Cileungsi, Bogor",,PT Bukaka Mandiri Sejahtera,95.0,,belum beroperasi,
BULL,Dormant,37051.0,Jakarta,,"PT Bayu Lestari Tanaya (BYU) 37,051  ",100.0,,Tidak aktif,
BUMI,-,0.0,-,,-,0.0,,-,0
BUVA,Jasa Akomodasi (hotel dan cottage) dan Real estate,599167492758.0,Bintan,,PT Bukit Lagoi Villa,100.0,,Sudah,2010
BVIC,Perbankan Syariah,1439983332.0,Jakarta,,PT Bank Victoria Syariah,99.98,,Masih Beroperasi,1966
BWPT,erkebunan Kelapa Sawit,39393502.0,Kalimantan Barat,,PT Bumi Sawit Utama,95.0,,Operasi,2011
BYAN,INDUSTRI VULKANISISR,0.0,,,PT KALTIM OTR TYRES,0.0,,,
CAKK,,,,,,,,,
CAMP,,,,,,,,,
CANI,,,,,,,,,
CARE,,1275283.0,Tangerang,IDR,PT Metro Global Medika,99.99,JUTAAN,Belum beroperasi komersil,
CARS,Otomotif/ Automotive,118424030.0,Jakarta,IDR,PT Gema Adipradana Indah,99.99,RIBUAN,Beroperas,2002
CASA,"Perdagangan umum,
pembangunan, Jasa
Konsultasi Manajemen",199912322370.0,Jakarta,,PT Danu Mitra Agra,99.99,,Belum Beroperasi,2014
CASH,,,,,,,,,
CASS,Jasa Boga,33711253.0,Jakarta,,PT Purantara Mitra Ankasa Dua,69.65,,Beroperasi,2001
CBMF,,,,,,,,,
CCSI,,,,,,,,,
CEKA,,,,,,,,,
CENT,"Perdagangan alat-alta multimedia, komputer, telepon selular danm aksesorisnya",0.0,,,PT Centrin Teknologi Indonesia,0.0,,,
CFIN,,,,,,,,,
CINT,Main Dealer,64064976039.0,Tangerang,,PT Delta Furindotama,93.0,,Beroperasi,1989
CITA,Pengolahan dan Pemurnian Mineral Logam,11663501907.0,,,PT. Kemakmuran Panen Raya,99.96,,,
CITY,"Pengelolaan
Perkotaan / Town
Management",1295.0,Bogor,IDR,PT Serpong Natura Hijau Sentosa,99.0,JUTAAN,Beroperasi,2017
CLAY,Hotel,32115.0,Jakarta,IDR,PT Citra Putra Thamrin,90.0,JUTAAN,Operasi,2015
CLEO,Industri Makanan dan Minuman,15000.0,Sidoarjo,IDR,PT Tanobel Sehat Nutrisi,99.99,JUTAAN,belum beroprasi,
CLPI,PERDAGANGAN,6210982.0,TANGERANG,,PT COLORPAK FLEXIBLE INDONESIA,100.0,,PERDAGANGAN,2010
CMNP,"Perdagangan, kontraktor, penglolan lahan,barang dan lainnya",7993543505.0,,,PT Girder Indonesia (tidak langsung),80.0,,,
CMPP,Angkutan,141260069.0,Jakarta,,PT Centris Metro Saran,100.0,,Tidak Aktiv,1990
CNKO,Perdagangan/ Trading,2330660728.0,Jakarta,,PT Energi Batubara Indonesia,99.97,,operasi,2012
CNTX,,,,,,,,,
COCO,,,,,,,,,
COWL,Jasa pembangunan dan pengelolaan gedung,635411489238.0,Jakarta Pusat,,PT PLAZA ADIKA LESTARI,100.0,,Komersial,1992
CPIN,Peternakan unggas,158219000000.0,,,PT Sarana Proteindo Utama,100.0,,,
CPRI,"Perdagangan,
percetakan,
pembangunan,
jasa,
perbengkelan,
dan pertanian,
perindustrian,
pengangkutan
darat",47094829000.0,Jakarta Timur,IDR,PT Capri Nusa Satu Development,99.0,PENUH,Belum Beroperasi,
CPRO,Industri pertambakan udang terpadu,2261100.0,"Menggala, Tulang Bawang",,PT Centralpertiwi Bahari (CPB),99.0,,beroperasi,1995
CSAP,Distributor bahan-bahan kimia,131363571.0,Jakarta,,PT Kusuma Kemindo Sentosa,51.0,,Aktif,1990
CSIS,Jasa dan Pembangunan,436163.0,Bogor,IDR,PT Olympic Bangun Persada,99.0,JUTAAN,Ya,2016
CSMI,Rumah Makan,11720.0,Jakarta,IDR,PT Cipta Global Selera,0.0,JUTAAN,Beroperasi,2005
CSRA,Perkebunan Kelapa Sawit,523277.0,Jakarta ,IDR,PT Samukti Karya Lestari (SKL) ,99.99,JUTAAN,Operasional,2012
CTBN,Jasa Kepelabuhanan dan Logistik,36439431.0,Kabil Indonusa Estate  - Batam,,PT. Sarana Citranusa Kabil,100.0,,Operasional,2000
CTRA,Rumah Sakit,133317651000.0,Jakarta,,PT Ciputra Raya Sejahtera dan entitas anak ( dahulu PT Ciputra Medika Utama ),99.99,,,2011
CTTH,,,,,,,,,
DADA,Properti,132098943607.0,"Pasar Minggu, Jakarta Selatan",IDR,PT Arba Propertindo,99.44,PENUH,Beroperasi,2018
DART,,0.0,Singapura,,Primary Assets Pte. Ltd.,100.0,,Belum Beroperasi,
DAYA,0,0.0,0,,0,0.0,,0,0
DEAL,Jasa Pengurusan Transportasi (Freight Forwarding),10313.0,Jakarta,IDR,PT Arrow Chain Management Logistics (ACM),99.0,JUTAAN,Beroperasi,2014
DEFI,,,,,,,,,
DEWA,Perusahaan Investasi,68202711.0,"British Virgin Island, UK",,Prove Energy Investment Ltd.,80.0,,Beroperasi,2007
DFAM,Perumahan/Residential,52800850382.0,"Semarang, Jawa Tengah",IDR,PT Dafam Maju Bersama,89.74,PENUH,Operasional,2013
DGIK,JASA KONSTRUKSI KHUSUS INTERIOR,176994649163.0,Jakarta,,PT. DUTA GRAHA LIVING,98.0,,Beroperasi,2011
DIGI,"Penyediaan jasa
portal web dan
penyedia konten
dalam bidang media",11897.0,Jakarta,IDR,PT Arkadia Media Nusantara,99.99,JUTAAN,beroperasi,2010
DILD,,,,,,,,,
DIVA,"Distributor Produk
Telekomunikasi",149538480552.0,Jakarta Selatan,IDR,PT Berkah Karunia Kreasi (BKK),96.0,PENUH,Aktif Beroperasi,2015
DKFT,Pertambangan dan Perdagangan Barang Tambang,236887688885.0,Jakarta,,PT Mulia Pacific Resources,100.0,,Aktif,2011
DLTA,Distribusi,153792042.0,JLN. INSPEKSI TARUM BARAT DESA SETIA  DARMA  TAMBUN BEKASI TIMUR,,PT. JANGKAR DELTA INDONESIA,90.0,,Aktif,1998
DMAS,Pembangunan perumahan dengan proyek berlokasi di Cikarang,0.0,"Jl. Tol Jakarta Cikampek Km.37 Desa Hegarmukti, Kecamatan Cikarang Pusat, Kabupaten Bekasi",,PT Pembangunan Deltamas,99.9,,Aktif,2002
DMMX,Perdagangan Peralatan Komunikasi dan Jasa Konsultasi Teknologi Informasi,18701400009.0,Jakarta,IDR,PT Digital Consumer Engagement,99.0,PENUH,Operasional,2017
DMND,Produksi dan pemroses produk berbahan dasar susu dan produk beku,1438816.0,Indonesia,IDR,PT Diamond Cold Storage,99.94,JUTAAN,Beroperasi,1971
DNAR,,,,,,,,,
DNET,Investasi,29288817329.0,Jakarta,,PT. Indoritel Persada Nusantara,100.0,,Beroperasi,2015
DOID,Jasa Pertambangan,1000929814.0,Kantor pusat: Jakarta,,PT Bukit Makmur Mandiri Utama,100.0,,Aktif,1998
DPNS,Tambang Batu Bara,122222069556.0,jambi,,PT. Intitirta Primasakti,67.0,,pemulihan ijin,
DPUM,Perindustrian dan Perdagangan,10551660.0,Jakarta,,PT Samudra Pangan Indonesia,50.0,,Belum beroperasi,2016
DSFI,EXPORTIR,288804405631.0,JAKARTA UTARA,,"PT.DHARMA SAMUDERA FISHING INDUSTRIES, TBK",100.0,,AKTIF,2016
DSNG,"Perdagangan, pembangunan, pengangkutan, pertanian, perindustrian, perbengkelan dan jasa",16.0,Jakarta,,PT Buana Utama Lestari,99.8,,belum beroperasi,0
DSSA,Perdagangan Besar,10522263.0,Singapore,,GEMS Coal Resources Pte.Ltd.,66.99,,Ya,2012
DUCK,Restoran,39209.0,Surabaya,IDR,PT Cita Selera Makmur,99.0,JUTAAN,Operasi,2004
DUTI,,,,,,,,,
DVLA,Manufaktur produk farmasi,1173427.0,Jakarta,,PT Kenrose Indonesia,99.94,,berhenti beroperasi sejak 1999,1971
DWGL,Jasa Bongkar Muat Barang ,570686506.0,Kalimantan Selatan,IDR,PT Truba Dewata Guna Prasada,99.91,RIBUAN,Operasi,2009
DYAN,Bergerak dalam bidang Jasa penyelenggaraan pameran dan konvensi.,10605.0,Jakarta Pusat,IDR,"PT Debindo Mitra Dyantama (""DMD"")",50490.0,JUTAAN,Aktif,2009
EAST,,,,,,,,,
ECII,"Menjalankan usaha di bidang pembangunan, perdagangan dan jasa di bidang properti",274683941355.0,Jakarta,,PT Kirana Cipta Propertindo,100.0,,Sudah Beroperasi,2012
EKAD,Perdagangan dan Jasa,3133805868.0,Indonesia,,PT Dunia Cartridge Indonesia,99.0,,masih beroperasi,2006
ELSA,"Manajemen Data, Tekhnologi Informasi dan telekomunikasi",109829.0,Jakarta,,PT Sigma Cipta Utama,100.0,,Operasi,1980
ELTY,Perumahan dan real estat,184271087312.0,,,PT Dutaperkasa Unggullestari,64.86,,,
EMDE,Pembangunan perumahan,147180312656.0,"Cinere, Depok",,PT Mega Limo Estate,100.0,,Aktif,1982
EMTK,Rumah Produksi,165955209.0,Jakarta,,PT Screenplay Produksi,51.0,,Beroperasi,2010
ENRG,Investasi,1610.0,The Netherlands,,Malacca Brantas Finance B.V.,100.0,,Operasi,2005
ENVY,,,,,,,,,
EPAC,Investasi,4420649318.0,Singapura,IDR,Epac Flexibles Asia Pte. Ltd,70.0,PENUH,Belum Beroperasi,
EPMT,Distribusi produk obat-obatan dan peralatan kesehatan,307132.0,Indonesia,,PT Tri Sapta Jaya,100.0,,Beroperasi,1980
ERAA,Distributor,3280395594.0,Jakarta,,PT Nutel,99.0,,Operasi,2014
ERTX,Industri Pembuatan Pakaian Jadi Terpadu dari Tekstil,1757999000.0,Kota Probolinggo,,PT. Asiatex Garmindo,95.15,,Tidak Beroperasi,1999
ESIP,,,,,,,,,
ESSA,JASA KONSULTASI BISNIS DAN MANAJEMEN,423127328.0,JAKARTA,,PT. SEPCHEM,100.0,,DORMANT,2002
ESTA,,,,,,,,,
ESTI,Produsen benang,36701976.0,Tangerang,,PT Primarajuli Sukses,100.0,,Operasi,1997
ETWA,Industri Biodiesel,1075894647958.0,Gresik,,PT Anugerahinti Gemanusa,100.0,,Masih beroperasi,2001
EXCL,Tidak Aktif,55193000000.0,,,Exelcomindo Finance Company B.V.,100.0,,,
FAST,,,,,,,,,
FASW,Perdagangan Umum,3221098188.0,,,Fajar Paper Finance B.V (FPF B.V),100.0,,,
FILM,"Jasa Persewaan Gedung dan/atau Property, Bidang Jasa Persewaan Mesin dan Peralatan Film, Bidang Perdagangan Film",200295.0,"Ceger, Jakarta Timur",IDR,PT Studio Tujuh,99.99,JUTAAN,Beroperasi,2005
FINN,,,,,,,,,
FIRE,Pembangkit Daya Tenaga Uap,15323038904.0,Jakarta,IDR,PT Alfa Daya Energi,99.79,PENUH,Belum Beroperasi,
FISH,Pembangunan dan pengelolaan zona industri,1655101.0,Surabaya,,PT. Terminal Bangun Mandiri,99.0,,Belum,
FITT,"penyedian penginapan (hotel dan transit hotel), jasa pengelolaan hotel",44637357259.0,Majalengka,IDR,PT Bumi Majalengka Permai,99.99,PENUH,2017,2017
FMII,Pembangunan Real Estate,291655.0,Surabaya,,PT. Multi Bangun Sarana,100.0,,Aktif,2002
FOOD,Perdagangan dan Pengolahan Daging,41273191981.0,Jakarta,IDR,PT Kemang Food Industries,83.28,PENUH,beroperasi,2008
FORU,JASA PERJALANAN,7619674.0,Jakarta,,PT FORTUNE TRAVINDO,99.0,,operasional,1989
FORZ,Real Estat,171428893949.0,Jakarta,IDR,PT Forza Properti Serpong,100.0,PENUH,Beroperasi,2013
FPNI,Investasi,188400097.0,Malaysia,,Lotte Chemical Titan International Limited,100.0,,Aktif,2007
FREN,Telekomunikasi,0.0,"54 Clarendon Road, Watford WD17, IDU, England",,Mobile-8 Telecom Finance Company B.V.,100.0,,Tidak beroperasi,2007
FUJI,,,,,,,,,
GAMA,Perumahan,0.0,Jakarta,,PT Sinar Indojaya Prima (kepemilikan tidak langsung),0.0,,Divestasi,2009
GDST,,,,,,,,,
GDYR,MISCELLANEOUS INDUSTRY,120182.0,BOGOR,,PT GOODYEAR INDONESIA,0.0,,,
GEMA,Perdagangan dan Jasa,130115351142.0,Jl. Letjen S Parman No.6,,PT Laminatech Kreasi sarana,100.0,,Aktif,1997
GEMS,Pertambangan Batubara,78990698.0,"Muara Bungo, Jambi",,PT Bara Harmonis Batang Asam,99.998,,Beroperasi,2010
GGRM,Industri kertas/Paper industri,1444681.0,"Jl. Raya Kediri Kertosono KM.7, desa Ngebrak, Kediri",,PT Surya Pamenang,100.0,,sudah,1993
GGRP,,,,,,,,,
GGST,,,,,,,,,
GHON,,,,,,,,,
GIAA,Jasa Groundhandling,63224356.0,Jakarta,,PT Gapura Angkasa (GA),58.75,,suda beroperasi,1996
GJTL,Perdagangan umum dan keuangan,0.0,Belanda,,GT 2005 Bonds B.V,0.0,,Telah dilikuidasi pada 8 Oktober 2013,2005
GLOB,Perdagangan,494846241802.0,Jakarta,,PT Global Distribution,100.0,,aktif,2011
GLVA,,,,,,,,,
GMFI,,,,,,,,,
GMTD,"Perdagangan, Pembangunan, Percetakan dan Jasa",251466097030.0,Makassar,,PT Kenanga Elok Asri dan Entitas Anak,100.0,,Awal operasi ,2014
GOLD,"Perdagangan, Jasa, Pembangunan, Perindustrian, Pertanian, Pengangkutan darat, percetakan dan Perbengkelan",3712400735.0,Jakarta,,PT. Golden Anugerah Sejahtera,99.0,,0,0
GOLL,Perkebunan,1808243447796.0,Jakarta,,PT Bumiraya Investindo,65.0,,Operasi,1993
GOOD,Distributor,1466131528918.0,Bekasi,IDR,PT Sinar Niaga Sejahtera,54.95,PENUH,Beroperasi,1994
GPRA,PEMBANGUNAN PERKANTORAN DAN APARTEMEN,107232982763.0,JAKARTA,,PT BELLA INDAH GAPURA,64.0,,PMDN,2009
GREN,Industri Pemintalan Benang,540902351398.0,Pandaan,,PT Tristate Indonesia,100.0,,Operasi,1974
GRHA,,,,,,,,,
GSMF,"Asuransi jiwa, asuransi kesehatan dan dana pensiun",2006491367.0,Jakarta,,PT Equity Life Indonesia,95.0,,Aktif,1987
GTBO,Trading,0.0,Uni Emirat Arab,,GTBO International FZE,100.0,,Belum beroperasi,0
GWSA,PROPERTI DAN REAL ESTAT,332143110392.0,,,PTCITRA GEMILANG NUSANTARA,23.0,,,
GZCO,Perkebunan Kelapa Sawit,1917954.0,Sumatera Selatan,,PT Suryabumi Agrolanggeng,100.0,,Going concern,1990
HADE,Modal Ventura,20774758912.0,Jakarta,,PT Hortus Centrovest,99.98,,Tidak Aktif,2014
HDFA,Perusahaan Pembiayaan,3084793302.0,Jakarta,,"PT. Radana Bhaskara Finance,Tbk",0.0,,active,2015
HDIT,"Informasi,
komunikasi,
jasa keuangan
dan asuransi,
perdagangan
dan jasa",21076341097.0,Makassar,IDR,PT Motransfer Otoritas Internasional,99.99,PENUH,Belum beroperasi,
HDTX,Cromite,18143345169.0,Sultra,,PT SLU,55.0,,Pra Operasi,0
HEAL,Rumah Sakit,295931.0,Jakarta,IDR,PT Medikaloka Internusa (M Internusa),65.5,JUTAAN,Operasi,1989
HELI,"Angkutan udara niaga tak berjadwal, yaitu penyewaan pesawat helikopter",220421966688.0,"Rukan Grand Aries Niaga, Jl. Taman Aries Blok E1 No 1A,",IDR,PT Komala Indonesia,99.0,PENUH,Beroperasi,2013
HERO,N/A,0.0,N/A,,N/A,0.0,,N/A,0
HEXA,,,,,,,,,
HITS,Transportasi Laut,132651823.0,Jakarta,,PT Humpuss Transportasi Kimia,0.0,,operasi,2004
HKMU,Perdagangan,676735.0,Kota Jakarta,IDR,PT Hakaru Metalindo Perkasa,90.0,JUTAAN,Beroperasi,2007
HMSP,Manufaktur dan perdagangan rokok,0.0,Malaysia,,PT Sampoerna Joo Lan Sdn. Bhd.,100.0,,,1998
HOKI,,,,,,,,,
HOME,"Rekreasi, jasa pembangunan, perdagngan, pengangkutan darat  dan pertanian",84874336762.0,Jakarta,,PT Warga Tri Manunggal,99.99,,Belum beroperasi secara komersial,
HOMI,"Perdagangan real
estat dan penyediaan
akomodasi",23364310723.0,Banten,IDR,PT Berkat Indokarya Gemilang (BIG),99.96,PENUH,belum,0
HOTL,Properti,394781453938.0,Bellezza Shopping Arcade Lt 1 No. 130-131 Jl. Letjen Soepeno No. 34 Rt.000/000 Jakarta Selatan,,PT Tiara Inti Mulia,99.0,,Beroperasi,2004
HRME,Pertambangan,320214.0,Jakarta,IDR,PT Wijaya Wisesa Development,99.99,JUTAAN,tidak beroperasi,1991
HRTA,PERGADAIAN,4993418112.0,Topaz Residence Jl. Pangeran Andir Ruko B9,IDR,PT. GADAI CAHAYA DANA ABADI,99.0,PENUH,OPERASI,2018
HRUM,Pertambangan Batubara,177218229.0,Jakarta,,PT Mahakam Sumber Jaya,80.0,,Aktif,2004
IATA,Infrastruktur,24742736.0,Jakarta,,PT MNC Infrastruktur Utama,99.0,,Beroperasi,2014
IBFN,,,,,,,,,
IBST,,,,,,,,,
ICBP,Investasi dan Agen Perdagangan Ekspor,4544000.0,Singapura,,"Drayton Pte., Ltd. (Drayton)",100.0,,,2008
ICON,Jasa Katering dan Jasa Pemeliharaan Fasilitas Perkotaan,124795542120.0,Jakarta,,PT Patra Supplies & Services,50.0,,Aktif,1976
IDPR,pembuatan tiang  pancang precast dan prestressed dan jasa pemancangan.,179490109220.0,"Ruko Fluorite Blok FR 028-029, Gading Serpong, Tangerang 15810",,PT Rekagunatek Persada,100.0,,Operasi,1992
IFII,,,,,,,,,
IFSH,Pengolahan Nikel,468479172838.0,Jakarta,IDR,PT Bintang Smelter Indonesia,75.0,PENUH,,2018
IGAR,Kemasan,454175021072.0,Bekasi,,PT Avesta Continental Pack,76.0,,aktif,1976
IIKP,Perdagangan dan Penangkaran Ikan Arowana,227140677401.0,Pontianak,,PT Inti Kapuas International,100.0,,Operasi,2005
IKAI,INDUSTRI UBIN PORSELEN,466015498345.0,KAWASAN INDUSTRI PALM MANIS,,PT. INTERNUSA KERAMIK ALAMASRI,99.0,,AKTIF,1995
IKAN,,,,,,,,,
IKBI,,,,,,,,,
IMAS,Dealer,58150790556.0,,,PT Wahana Wirawan Manado (dahulu PT Wahana Nismo Manado),100.0,,,
IMJS,multi Pembiayaan,5654005.0,"Jalan MT. Haryono Kav. 8 RT.009/011 Kelurahan Bidaracina, Kecamatan Jatinegara, Jakarta Timur, 13330",,PT Indomobil Finance,99.94,,Beroperasi,1994
IMPC,Industri Plastik,128013171971.0,"Jl. Yos Sudarso No. 85, Kelurahan Sunter Jaya, Kec. Tanjung Priok, Jakarta Utara ",,PT Kreasi Dasatama,100.0,,Beroperasi,1989
INAF,Distribusi dan Perdagangan Farmasi,808969595932.0,Jakarta,,PT Indofarma Global Medika,100.0,,Beroperasi,2000
INAI,Jasa Konstruksi,529535798914.0,Sidoarjo,,PT Indalex,100.0,,aktif,1993
INCI,Industri,169546066314.0,JAKARTA,,"PT INTANWIJAYA INTERNASIONAL,TBK",100.0,,AKTIP,2015
INCO,,0.0,,,,0.0,,,
INDF,Industri dan perdagangan,0.0,Jakarta,,PT Bogasari Pangan Makmur,100.0,,,0
INDO,"konstruksi, perdagangan dan real estat",57018668211.0,Jakarta,IDR,PT Semangat Bangun Nusantara,99.99,PENUH,Belum Beroperasi,
INDR,Manajemen Gedung Kantor  dan Gedung Sekolah,3994521.0,Indonesia,,PT. Indorama Trade  and Development Services (ITDS,99.98,,,2013
INDS,Industri rolling mill terutama industri bahan baku pir kendaraan,473686678359.0,Gresik,,PT INDOBAJA PRIMA MURNI,97.0,,Beroperasi,2005
INDX,Jasa Kepelabuhan dan Logistik Kelautan,2320287019.0,Malaysia,,Radikal Rancak Sdn Bhd,100.0,,Aktif,2002
INDY,"Jasa konsultasi utk bidang konstruksi,industri dan infrastruktur",76633000000.0,,,PT Tripatra Engineering,100.0,,,
INKP,Keuangan,1000.0,,,Indah Kiat Finance (III) Mauritius Limited,100.0,,,
INOV,,,,,,,,,
INPC,,,,,,,,,
INPP,Wisata Tirta,61018000000.0,Jakarta,,PT. Mega Biru Selaras dan Entitas Anak (MBS),99.66,,sudah operasi,1996
INPS,"Perdagangan,
Transportasi, dan
Logistik",86779280970.0,Sunter Garden Raya – Jakarta Utara,IDR,PT Trasindo Sentosa,99.0,PENUH,Operasi,1991
INRU,,,,,,,,,
INSA,,,,,,,,,
INTA,Perdagangan dan jasa sewa,618096000000.0,,,PT. Terra Factor Indonesia,96.87,,,
INTD,"PENJUALAN CAMERA,FILM DAN JASA PEMPROSESAN FILM",15924729.0,JAKARTA,,PT.FOTOMATIC JAYA INDUSTRIES,100.0,,NON AKTIF,1980
INTP,Pertambangan,17411000000.0,,,Sahabat Mulia Sakti,99.99,,,
IPCC,,,,,,,,,
IPCM,,,,,,,,,
IPOL,Investasi,86494528.0,Singapura,,Golden Polindo Industries Pte Ltd,89.0,,Aktif,1994
IPTV,Jasa penyiaran konten digital,20856.0,Jakarta,IDR,PT MNC OTT Network,99.99,JUTAAN,Beroperasi,2018
IRRA,,,,,,,,,
ISAT,Keuangan,26884769721.0,Amsterdam,,"Indosat Finance Company B. V. ( "" IFB "" )",100.0,,Full,2003
ISSP,"Perdagangan, perindustrian dan jasa",1161.0,"Surabaya, Jawa Timur",,PT Spindo Engineering Industry,90.0,,,2012
ITIC,,,,,,,,,
ITMA,Mining Support,803750811.0,"Gedung Gelael, Jl. Falatehan No.35-36, Kebayoran Baru",,PT Mitratama Perkasa,30.0,,,
ITMG,Penambangan batubara / coal mining,407217.0,Kalimantan Timur,,PT Indominco Mandiri (IMM),100.0,,Beroperasi,1997
JAST,"Perdagangan, Pembangunan, Percetakan, Industri, Pengangkutan dan Jasa",42319622625.0,Jakarta,,PT Karta Indonesia Global,0.0,,Operasi,2016
JAWA,Perkebunan Kelapa Sawit dan Karet,1323977788.0,"Jakarta dan Tanah Laut, Banjarmasin",,PT Kintap Jaya Wattindo,99.0,,Beroperasi ,2004
JAYA,,,,,,,,,
JECC,Produksi Panel Surya,36932837.0,Jakarta,,PT Jembo Energindo,100.0,,Berproduksi,2014
JGLE,Hotel dan rekreasi air,38409.0,Malang,IDR,PT Lembu Nusantara Jaya,51.0,JUTAAN,Beroperasi,2010
JIHD,Real estat,5567987254.0,Jakarta,,PT Danayasa Arthatama Tbk,83.0,,Aktif,1987
JKON,Perdagangan Umum,1105080199389.0,Jl. Kramat Raya  No. 144 Jakarta Pusat,,PT Jaya Trade Indonesia,99.99,,beroperasi,1971
JKSW,,,,,,,,,
JMAS,,,,,,,,,
JPFA,Peternakan Ayam,0.0,Jakarta,,PT Adiguna Bintang Lestari,100.0,,Dalam proses likuidasi,2010
JRPT,Pembangunandan Jasa,100309687.0,Tangerang,,PT.Jaya Letris Property,60.0,,,2013
JSKY,"Bidang perdagangan, jasa, pembangunan, industry dan pertambangan",250.0,Jakarta,IDR,PT Space Energy Indonesia,99.0,JUTAAN,Belum Beropersi,
JSMR,Pengusahaan Jalan Tol Gempol-Pasuruan,401678944.0,Sidoarjo,,PT Trans Marga Jatim Pasuruan (TMJP),94.0,,Belum Operasi,2010
JSPT,Perhotelan,70821505562.0,,,PT Metropolitan Realty International dan entitas anak,75.0,,,
JTPE,Jasa solusi teknologi informasi ,6450292856.0,Jakarta,,PT Jasuindo Informatika Pratama (JIP) ,100.0,,BEROPERASI,2002
KAEF,Apotek (Ritel Farmasi),1130438181548.0,Jakarta,,PT. KIMIA FARMA APOTEK,100.0,,Operasi,2003
KARW,Bongkar Muat,354803435787.0,Jakarta,,PT PBM Olah Jasa Andal,100.0,,Beroperasi,1986
KAYU,,,,,,,,,
KBAG,"a Real Estat yang dimiliki sendiri atau disewa;
b Kawasan Pariwisata;
c Kawasan Industri;
d Real Estat atas dasar balas jasa (fee) atau kontrak.",97208486354.0,Jakarta Barat,IDR,PT Kharismatama Niaga Makmur (“KNM”),99.92,PENUH,Belum beroperasi komersil,
KBLI,,,,,,,,,
KBLM,Perhotelan,35771811643.0,Nanggroe Aceh Darussalam,,PT Hotelindo Murni,98.33,,Beroperasi,2008
KBLV,Penyiaran,2719000000.0,Jakarta,,PT First Digital Broadcasting Televisi,100.0,,Belum Operasi ,
KBRI,Tanaman Industri,0.0,Jakarta HKI,,PT. Hutan Ketapang Industri,0.0,,Belum beroperasi,
KDSI,Industri kotak karton gelombang dan tempat penyimpanan telur,869527200355.0,"Jalan Mastrip 862, Warugunung-Karangpilang, Surabaya, Jawa Timur",,PT Kedawung Setia Corrugated Carton Box Industrial,100.0,,Beroperasi,1979
KEEN,Pemasokan kelistrikan,125228285.0,Indonesia,USD,PT Energy Sakti Sentosa,75.0,PENUH,Beroperasi,2008
KEJU,,,,,,,,,
KIAS,Genteng Keramik,687037493833.0,Cileungsi,,PT KIA Keramik Mas,99.0,,Aktif,1984
KICI,,,,,,,,,
KIJA,"Konstruksi, pembangunan dan jasa pengelolaan kawasan industri",65658.0,Bekasi,,PT Jababeka Morotai (JM) - (JM melalui GBC),100.0,,Beroperasi,2013
KINO,Perdagangan produk rumah tangga dan pemeliharaan dan perawatan tubuh,16713.0,Malaysia,IDR,"Kinocare (M) Sdn., Bhd.",100.0,JUTAAN,Beroperasi,2003
KIOS,,,,,,,,,
KJEN,,,,,,,,,
KKGI,PERTAMBANGAN BATUBARA,53511782.0,JAKARTA,,PT. INSANI BARAPERKASA,100.0,,BEROPERASI,2006
KLBF,,,,,,,,,
KMDS,,,,,,,,,
KMTR,"Pabrik crumb
rubber",878805.0,Jambi,IDR,PT Djambi Waras,100.0,JUTAAN,Operasi,1968
KOBX,Perdagangan dan Jasa,10000000000.0,,,PT. Belaxindo Tractors,80.0,,,
KOIN,Jasa Pergudangan,2657843945.0,Jl. Jembatan III /Blok S No. 14-15,,PT. Karya Makmur Kreasi Prima,100.0,,Belum Beroperasi,
KONI,Holding Company,13658000000.0,Jl. Gunung Sahari No. 78 Jakarta Pusat,,PT. Perdana Adiloka,100.0,,1993,1993
KOPI,niaga gas bumi dan pembangunan pembangkit tenaga ata power plant,194898897870.0,Graha Krama Yudha Lt 2  Jl. Warung Jati Barat No 43 Jakarta Selatan,,PT. Mitra Energi Buana ,100.0,,Aktif,2007
KOTA,Hotel,258383378748.0,Jakarta,,PT Accola Hotel Indonesia,0.0,,2017,2017
KPAL,Jasa Pelayaran,257077.0,Jakarta,USD,PT Servewell Offshore,77.7,PENUH,Beroperasi,2012
KPAS,,,,,,,,,
KPIG,Pengembang produk property,1148398993308.0,Jakarta,,PT GLD PROPERTY,100.0,,Beroperasi,1997
KRAH,"Perdagangan, jasa, dan industri",41608662835.0,Jakarta,,PT Prima Jabar Steel,100.0,,Aktif,1975
KRAS,Manufaktur baja tulangan,106141.0,Cilegon,,PT Krakatau Wajatama,100.0,,Operasi,1992
KREN,Perusahaan Efek,318834938660.0,Jakarta,,PT Kresna Securities,100.0,,Aktif,2015
LAND,,,,,,,,,
LAPD,Pembangkit Listrik,67085585.0,Jakarta,,PT Leyand Pontianak Power,95.0,,Aktif,2011
LCGP,Pengembangan Tanah,62343459786.0,Palembang,,PT. Dian Sakti,71.05,,,0
LCKM,,,,,,,,,
LEAD,,,,,,,,,
LIFE,,,,,,,,,
LINK,Bidang jasa multimedia lainnya dan konsultasi manajemen lainnya,10722741581.0,Jakarta,,PT Lynx Mitra Asia,65.0,,,2014
LION,Kawasan Industri,71082439341.0,Purwakarta,,PT Singa Purwakarta Jaya,100.0,,Dalam tahap Pengembangan,
LMAS,"perdagangan perangkat keras dan perangkat lunak serta fasilitas pendukungnya, dan konsultan teknologi informasi",512166949044.0,"Equity Tower, Lt 15 Suite 15A SCBD Lot. 9, Jl. Jend. Sudirman Kav. 52 -53, Jakarta",,PT Geotech System Indonesia,60.0,,aktif,2003
LMPI,,,,,,,,,
LMSH,,,,,,,,,
LPCK,Jasa Rekreasi,8825591922.0,Bekasi,,PT Kreasi Dunia Keluarga,99.5,,Beroperasi,1993
LPGI,Asuransi Jiwa ,113749395552.0,Jakarta,,PT Lippo Life Assurance,100.0,,Aktif,2014
LPIN,"Perdagangan, Jasa, Pembanguna n dan Percetakan",141188000.0,Jakarta,,PT Cinemaxx Global Pasifik,100.0,,belum beroperasi,0
LPKR,Properti,0.0,Tangerang,,PT Lippo Karawaci Tbk,0.0,,,
LPLI,,,,,,,,,
LPPF,,,,,,,,,
LPPS,Manajemen Investasi,22298319.0,Vanuatu,,Morgan & Associates Ltd,100.0,,Tidak Beroperasi,1993
LRNA,,,,,,,,,
LSIP,Investment,191180000000.0,Singapura,,Agri Investments Pte. Ltd.,100.0,,Belum beroperasi,0
LTLS,Distribusi,1700373.0,Singapura,,"Lautan Luas Singapore, Pte., Ltd",100.0,,Aktif,2002
LUCK,,,,,,,,,
MABA,Perhotelan,71586.0,Cepu,IDR,PT Lancar Makmur Sentosa,96.36,JUTAAN,Beroperasi,2007
MAGP,Perdagangan dan perkebunan sawit,79155408436.0,Kalimanan Barat,,PT Brent Multidaya,100.0,,,
MAIN,Produksi dan Pemasaran Produk Perusahaan,194495.0,Jakarta,,PT Bibit Indonesia,99.0,,Aktif,2002
MAMI,perdagangan umum,349000000.0,Surabaya,,PT Mas Murni Indonesia Globalmart,99.92,,Belum Operational,
MAPA,Retail,311062.0,,IDR,PT Putra Agung Lestari,99.99,JUTAAN,Sudah,2011
MAPB,Starbucks,855865.0,,IDR,PT Sari Coffee Indonesia,99.99,JUTAAN,Operasi,2002
MAPI,Specialty Store,257088000000.0,Indonesia,,PT Mitra Selaras Sempurna,100.0,,Beroperasi,2000
MARI,Penyiaran Radio,85685377592.0,Jakarta,,PT Suara Irama Indah,100.0,,Beroperasi,1974
MARK,Perdagangan keramik molding,3079879126.0,Malaysia,IDR,Honour Tower Sdn. Bhd.,100.0,PENUH,Sudah Beroperasi,2005
MASA,Pengusahaan dan pengelolaan Hutan Tanaman Industri,15222334.0,DKI Jakarta,,PT Multistrada Agro International,99.0,,,2011
MAYA,,,,,,,,,
MBAP,Pertambangan,45069897.0,Jakarta,,PT Baradinamika Mudasukses,100.0,,Beroperasi,1997
MBSS,Pelayaran,25244699.0,Jakarta,,PT Mitra Swire CTM,70.0,,Beroperasi,2008
MBTO,Pabrikasi,59786514470.0,Bekasi,,PT Cedefindo,99998.0,,Operasi,1981
MCAS,"Perdagangan umum, jasa dan pembangunan",13427482295.0,Jakarta,IDR,PT Telefast Indonesia,51.0,PENUH,Beroperasi,2008
MCOR,,,,,,,,,
MDIA,Penyiaran   televisi swasta umum,2449199318.0,Jakarta,,PT Cakrawala Andalas Televisi (ANTV),100.0,,Aktif,1995
MDKA,Operasi produksi tambang,269192291.0,"Gedung International Financial Centre, lantai 12A, Jl. Jend. Sudirman Kav. 22-23, Jakarta Selatan",,PT Bumi Suksesindo,100.0,,Belum Beroperasi,
MDKI,"Manufaktur pendingin ruangan
(air conditioner dan refigeration)",118390.0,"Jl. Raya Serang KM 12, Kp. Cirewed RT001/RW 004, Sukadamai, Cikupa",IDR,PT Industri Tata Udara Indonesia Airconco (“ITU”),90.0,JUTAAN,Beroperasi,1978
MDLN,MANUFAKTUR,53088405698.0,TANGERANG,,PT MODERN PANEL INDONESIA,99.18,,BEROPERASI,2011
MDRN,"Perusahaan investasi,industri pengolahan dan perdagangan barang fotografi",110314894499.0,Jakarta,,PT Modern Photo Industry (MPI),99.99,,Aktif,1990
MEDC,-,0.0,-,,-,0.0,,,
MEGA,,,,,,,,,
MERK,,,,,,,,,
META,Pengelola Jalan Tol,450669123274.0,makassar,,PT Bosowa Marga Nusantara,98.54,,beroperasi,1998
MFIN,,,,,,,,,
MFMI,-,0.0,-,,-,0.0,,-,0
MGNA,,,,,,,,,
MGRO,Industri pengolahan kelapa sawit dan turunannya.,373962.0,Riau,IDR,PT. Berlian Inti Mekar,99.99,JUTAAN,Beroperasi,2010
MICE,Manufaktur,242915617364.0,"Serang, Indonesia",,PT Multielok Cosmetic,100.0,,Beroperasi,1984
MIDI,,,,,,,,,
MIKA,Layanan Kesehatan,2177753.0,Bekasi,,PT Proteindo Karyasehat,100.0,,Sudah Beroperasi,1993
MINA,Perhotelan dan Vila,48559.0,Bali,IDR,PT Minna Padi Resort,58.17,JUTAAN,Operasi,2014
MIRA,"Jasa Inspeksi Teknik, Sertifikasi, Tenaga Teknis & Pelatihan",2268622501.0,,,PT Team Safety Consultant Indonesia,80.0,,,
MITI,Eksplorasi dan operasi lapangan minyak,213997730362.0,Singapura,,Goldwater LS Pte Ltd,90.0,,Berjalan,2011
MKNT,Perdagangan,500000000.0,Jakarta,,PT Mitra Telindo Nusantara,99.0,,Belum Beroperasi,2015
MKPI,Property dan Real estate,13149033373.0,Batam,,PT. Bumi Shangril La Jaya,100.0,,Beroperasi,1986
MLBI,Distributor,867423.0,"Talavera Office Park Lantai 20, Jl.Let.Jend. TB Simatupang Kav 22-26, Jakarta 12430",,PT Multi Bintang Indonesia Niaga,100.0,,Aktif,2005
MLIA,Pembiayaan,0.0,Mauritius,,Muliakeramik Finance Limited,0.0,,,2000
MLPL,Perdagangan,1242926000000.0,Jakarta,,PT Multipolar Technology ,80.0,,operasi,2009
MLPT,"bidang jasa, perdagangan, pembangunan, industri, pertambangan, pertanian, percetakan, pengangkatan dan perbengkelan",33137790.0,Tamgeramg,IDR,PT Technoves International,85.0,RIBUAN,Beroperasi,2012
MMLP,"Penyedia fasilitas logistik, penyewaan pergudangan dan perkantoran",791360154420.0,Jakarta,,PT Intirub,100.0,,Aktif,2011
MNCN,Penyiaran,0.0,Cayman Island,,Linktone Ltd (LTON),0.0,,aktif,2002
MOLI,"Industri Ethanol, spiritus, protein sel tunggal, asam asetat, ethyl asetat, gas karbondioksida (CO2) dan pupuk tanaman",1215665.0,"Jl. Sumber Waras No. 255 Lawang - Malang Jawa Timur 65141, Indonesia",IDR,PT Molindo Raya Industrial,82.02,JUTAAN,Beroperasi,1973
MPMX,Layanan jasa sewa kendaraan,1735615.0,Jakarta,IDR,PT Mitra Pinashtika Mustika Rent ,99.99,JUTAAN,Operasi,2008
MPOW,,,,,,,,,
MPPA,Penjualan Eceran,3817.0,Tangerang,,PT Matahari Super  Ekonomi,99.0,,Dormant,1994
MPRO,Pengembangan properti,258507.0,Surabaya,IDR,PT Creative Softhouse,99.99,JUTAAN,Belum Beroperasi,0
MRAT,Distribusi & Perdagangan,47061544727.0,Malaysia,,PT Mustika Ratu (M) Sdn. Bhd.,100.0,,Aktif,1993
MREI,,,,,,,,,
MSIN,Jasa dan investasi,149814618705.0,Jakarta,IDR,PT Mediate Indonesia,99.9,PENUH,Beroperasi,2001
MSKY,Perdagangan Umum,20901000000.0,Belanda,,Aerospace Satellite Corporation Holding B.V.,100.0,,Aktif,2012
MTDL,KONSULTASI PERANGKAT LUNAK,316730604.0,"Bangkok, Thailand",,SOLTIUS (THAILAND) LIMITED,48.98,,Tidak Aktif,2000
MTFN,Minyak dan Gas,235748766261.0,DKI Jakarta,,PT Kencana Surya Perkasa,99.0,,,
MTLA,Hotel,35317350.0,Lampung,,PT Metropolitan Deta Harmoni,100.0,,Belum Beroperasi,0
MTPS,,,,,,,,,
MTRA,Jasa Konstruksi,63.0,Jakarta,,PT Mitra Palmil (MPL),99.0,,Sudah Beroperasi,2011
MTSM,Property,87657057549.0,Jakarta Pusat,,PT Metro Realty Tbk.,0.0,,,
MTWI,,,,,,,,,
MYOH,Jasa Kontraktor Pertambangan Umum &  Pemeliharaan Alat Berat Pertambangan,102097397.0,Kalimantan Timur,,PT Sims Jaya Kaltim,100.0,,Aktif,2001
MYOR,Industri makanan olahan,22253772120.0,Medan,,PT. Sinar Pangan Barat,100.0,,Tidak Beroperasi,1991
MYRX,PENGOLAHAN LIMBAH,287022154145.0,Jakarta,,PT DE PETROLEUM INTERNATIONAL,60.0,,Operasi,2004
MYTX,PENENUNAN DAN PEMINTALAN,1917574.0,Bawen Semarang,,PT APAC INTI CORPORA,45.0,,1995,1995
NASA,Investasi,178591340288.0,Tangerang Selatan,IDR,PT Ayana Hotel Indonesia,99.99,PENUH,Pra - operasi,
NATO,Investasi,167044155342.0,Jakarta,IDR,PT Nusantara Jaya Realti,99.9,PENUH,Belum,2017
NELY,"Pembuatan, Pemeliharaan dan Perbaikan Kapal Tarik dan Tongkang",52499729094.0,Banjarmasin,,PT. PERMATA BARITO SHIPYARD&ENGINEERING,99.0,,Ya,1991
NFCX,,,,,,,,,
NICK,,,,,,,,,
NIKL,,,,,,,,,
NIPS,,,,,,,,,
NIRO,"Perdagangan, Jasa, Pembangunan, Pengangkutan, Perindustrian",10434136846.0,Jakarta,,PT. Nirvana Retailindo,99.99,,Belum Operasi,0
NISP,,,,,,,,,
NOBU,,,,,,,,,
NRCA,hotel,32365485.0,Jakarta,,PT Sumbawa Raya Cipta,100.0,,tidak operasi,2000
NUSA,"Pariwisata, Pembangunan, Perdagangan, Perindustrian, Pengangkutan Darat, Pertanian, Percetakan, Perbengkelan, Jasa.",559962526112.0,Jakarta,IDR,PT Mulia MAnunggal Karsa,99.82,PENUH,Non operasional,0
NZIA,,,,,,,,,
OASA,Maintenance  Services,6738.0,Jakarta,,PT Telesys Indonesia,100.0,,2013,2013
OCAP,Perusahaan Efek,87799956607.0,Jakarta Pusat,,PT Onix Sekuritas,100.0,,sedang berjalan,2013
OKAS,"Industri bahan peledak, jasa peledakan, dan perdagangan bahan peledak dan aksesorisnya",121360106.0,Jakarta,,PT Multi Nitrotama Kimia,50.0,,Beroperasi,1991
OMRE,Property,133339813070.0,Surabaya,,PT Griyamas Muktisejahtera,99.91,,Operasional,1996
OPMS,,,,,,,,,
PADI,,,,,,,,,
PALM,Perkebunan,823732161.0,Sumatera Barat,,PT Mutiara Agam,99.99,,Operasional,1982
PAMG,,,,,,,,,
PANI,pengolahan hasil perikanan,56390111689.0,Banyuwangi,IDR,PT Windu Blambangan Sejati,99.0,PENUH,2008,1989
PANR,Jasa Konvensi,10225832.0,Jakarta,,PT Panorama Convex Indah,98.8,,Operasi,2000
PANS,Belum beroperasi,21549941707.0,Jakarta,,PT Panin Investment Management,49.0,,,
PBID,"Memproduksi
plastik kantongan",192028723.0,Cilegon,IDR,PT Polytech Indo Hausen,99.98,RIBUAN,Operasi,2010
PBRX,Pengembangan Produk,4236345.0,Hongkong,,Cosmis Gear Ltd,51.0,,Anak Perusahaan,2014
PBSA,,,,,,,,,
PCAR,"Budidaya hasil laut, perdagangan umum, pengangkutan, dan kontraktor",9190.0,Makassar,IDR,PT. Nuansa Cipta Magello,80.0,JUTAAN,Beroperasi,2012
PDES,Management Building,47405097166.0,Jakarta,,PT Duta Chandra Kencana,50.0,,Operasi,2007
PEGE,,,,,,,,,
PEHA,Industri farmasi,237048834.0,Bandung,IDR,PT Lucas Djaja,99.99,RIBUAN,Operasi,1968
PGAS,Keuangan,1.0,Mauritius,,PGN Euro Finance 2003 Limited,100.0,,Dalam Proses Likuidasi,2003
PGJO,,,,,,,,,
PGLI,Perdagangan Umum,16282953385.0,,,PT. Tapanuli Investasi Agro,17.0,,,
PGUN,,,,,,,,,
PICO,,,,,,,,,
PJAA,"Pariwisata, Perdagangan & Jasa",34561596878.0,Jakarta,,PT Seabreez,95.48,,Aktif,1972
PKPK,Pertambangan Batubara,8436719.0,Samarinda,,PT Semoi Prima Lestari,80.0,,Belum operasi,0
PLAS,Pertambangan,4243204021.0,Mayapada Tower Lt. 11 Jl. Jend. Sudirman Kav 28 Jakarta 12920,,PT Polaris Indo Energy,100.0,,Aktif,2009
PLIN,Jasa Keuangan,24688.0,Belanda,,Plaza Indonesia Finance BV,100.0,,Inactive,1996
PMJS,"Perdagangan, diler
resmi dan jasa-jasa yang
berhubungan dengan
kendaraan bermotor
termasuk jasa reparasi
dan perawata",210994339684.0,Jakarta Utara,IDR,PT Dipo Angkasa Motor,99.0,PENUH,Telah beroperasi,1993
PNBN,Jasa Asuransi,1329068000000.0,,,PT Asuransi Multi Artha Guna Tbk.,13.5,,,
PNBS,,,,,,,,,
PNGO,Perkebunan,219640.0,Palembang,IDR,PT Sriwijaya Nusantara Sejahtera,99.0,JUTAAN,Beroperasi,2014
PNIN,Asuransi Jiwa,16447000000.0,,,PT Panin Financial Assurance dimiliki oleh PT Panin Financial Tbk,99.99,,,
PNLF,Asuransi Jiwa,7775549.0,"Panin Life Center Lt. 6, Jl. Ledjend S Parman Kav 91, Jakarta",,PT Panin Life,0.01,,Sudah beroperasi secara komersial,1991
PNSE,,,,,,,,,
POLA,,,,,,,,,
POLI,Perhotelan,16000400.0,Semarang,IDR,PT Royal Phantom Properties,0.0,PENUH,Non-operasional,2009
POLL,Pembangunan dan Pemberian Jasa,409639706212.0,Jakarta,IDR,PT Pollux Mega Kuningan,99.9,PENUH,Non-Operasional,0
POLU,,,,,,,,,
POLY,Industri tekstil,0.0,Karawang,,PT. Texmaco Jaya ,92.0,,Pailit,1972
POOL,Jasa reparasi & perawatan kendaraan,746136331.0,Jakarta,,PT. Meganindo Intisakti,96.0,,Aktif,1994
PORT,"Jasa Handling dan Stevedoring Container 
untuk Komoditas Ekspor/Impor.",264660109.0,Jakarta,,PT Mustika Alam Lestari,0.0,RIBUAN,2004,2004
POSA,Pusat Perbelanjaan,388772512045.0,Lombok,IDR,PT Bliss Pembangunan Sejahtera (Langsung),99.99,PENUH,ya,2015
POWR,"Mengelola, membiayai, melakukan jasa manajemen dengan memberikan saran dan jasa kepada perusahaan lain; Meminjam dan meminjamkan uang, mengeluarkan",1053827268.0,Belanda,,Listrindo Capital B.V.,100.0,,Beroperasi,2007
PPGL,Angkutan multimoda,92467570484.0,Jakarta,IDR,PT Armada Berjaya Trans Tbk,29.4,PENUH,Beroperasi,2012
PPRE,,,,,,,,,
PPRO,Pengembangan dan mengelola property,305683716148.0,Surabaya,,PT Gitanusa Sarana Niaga,100.0,,Beroperasi,2003
PRAS,,,,,,,,,
PRDA,,,,,,,,,
PRIM,Jasa Kesehatan,8126082534.0,Jambi,IDR,PT Royal Prima Jambi,97.4,PENUH,2015,2015
PSAB,Pertambangan,17398936.0,Jakarta,,PT Bukit Makmur Istindo Nikeltama,79.1,,Eksplorasi,0
PSDN,Industri dan Perdagangan,4337217360.0,singaraja,,PT. Tirtha Harapan Bali,100.0,,beroperasi,1973
PSGO,Perkebunan dan Industri Pengolahan Minyak Kelapa Sawit,1575719972000.0,Jakarta,,PT Anugerah Energitama,99.99,,Beroperasi komersial,2009
PSKT,Jasa akomodasi,82804810047.0,Jakarta,,PT Red Planet Hotels Indonesia,100.0,,Beroperasi komersial,2012
PSSI,,,,,,,,,
PTBA,"perdagangan, jasa, perbengkelan, pembangunan",83171.0,Jakarta,,PT Bukit energi investama,99.98,,Operasi,2015
PTIS,Pelayaran Dalam Negeri,38492104.0,Jakarta,,PT Pelayaran Straits Perdana,100.0,,Aktif,2011
PTPP,Realti dan Properti,250736186798.0,Surabaya,,PT.Gitanusa Sarana Niaga,99.99,,Aktif,1996
PTPW,,,,,,,,,
PTRO,Investment,59.0,Singapore,,PTP Investment Pte. Ltd,100.0,,Dormant,2015
PTSN,Pengepisan Logam,1936355.0,Batam,,PT SM Engineering,100.0,,Aktif,2002
PTSP,Restoran Ayam Goreng,27923331.0,Bandung,,PT Putra Asia Perdana Indah,51.0,,Aktif,1985
PUDP,Perhotelan,110302545021.0,Anyer,,PT. Hotel Marbella Pengembang Internasional,99.0,,Operasi,1997
PURA,,,,,,,,,
PURE,,,,,,,,,
PURI,Properti,48988642978.0,Batam,IDR,PT Puri Karya Bersama,70.0,PENUH,Belum Beroperasi,
PWON,Jasa Keuangan,17764050.0,,,Pakuwon Jati BV,100.0,,,
PYFA,,,,,,,,,
PZZA,,,,,,,,,
RAJA,Jasa Pelabuhan,2257844.0,Bitung,,PT Cahya Saguna Niketana,99.0,,Beroperasi,2002
RALS,,,,,,,,,
RANC,pembangunan gedung,0.0,Jakarta Barat,,PT Mars Multi Mandiri,40.0,,,
RBMS,Perhotelan,249780631424.0,Bali,,PT Tiara Raya Bali International,40.0,,Sudah Beroperasi,2013
RDTX,Properti,1992715646484.0,Jakarta,,PT. CHITATEX PENI,100.0,,Aktif,1991
REAL,,,,,,,,,
RELI,Manajemen Investasi,0.0,Jakarta,,PT Reliance Asset Management,0.0,,2005,2005
RICY,Perdagangan Dan Distribusi,19582186368.0,Surabaya,,PT Ricky Jasa Abadi,95.0,,Aktif,1996
RIGS,Tidak aktif,0.0,Singapura,,Sea Master Pte Ltd,100.0,,Tidak aktif,0
RIMO,Perdagangan Umum,0.0,Surabaya,,PT Rmo Surabaya Lestari,0.0,,non aktif,2012
RISE,Real estat,164586.0,Surabaya,IDR,PT Millenium Mega Mulia,99.99,JUTAAN,Operasi,2011
RMBA,TAMAN REKREASI,14854.0,MALANG,,PT. TAMAN BENTOEL,100.0,,AKTIF,1972
ROCK,Pembangunan dan Pemberian Jasa,580240853312.0,Jakarta,IDR,PT Graha Lestari Internusa,99.99,PENUH,Beroperasi sejak tahun 2015,2015
RODA,Properti,374420745293.0,Jakarta,,PT Multi Pratama Gemilang,100.0,,Aktif,2004
RONY,,,,,,,,,
ROTI,Industri Makanan dan Minuman,2765486614848.0,"Jl Selayar blok A9 Kawasan Industri MM2100, Cikarang Barat, Bekasi, Jawa Barat",,PT Nippon Indosari  Corpindo Tbk,2.19,,Aktif,1996
RUIS,Pertambangan dan Perdagangan,139305880649.0,Jakarta,,PT Radiant Bukit Barisan,95.0,,Tahap eksplorasi sejak tahun 2008,
SAFE,,,,,,,,,
SAME,Pemilik dan Pengelola Rumah Sakit,584695805444.0,Tangerang,,PT Sarana Meditama International,99999.0,,Sudah Beroperasi,2007
SAMF,"Perdagangan Besar Pupuk dan Produk Agrokimia, Industri Pupuk Buatan Campuran Hara Makro Primer",612259.0,Sidoarjo,IDR,PT Dupan Anugerah Lestari ,95.0,JUTAAN,Aktif,2011
SAPX,,,,,,,,,
SATU,"Pembangunan,
Perdagangan,
Perindustrian,
Pengangkutan Darat,
Agrobisnis, Percetakan,
Perbengkelan dan Jasa
kecuali Jasa dalam
Bidang Hukum dan
Pajak",987.0,Semarang,IDR,PT Kota Satu Manajemen,99.68,JUTAAN,Belum Beroperasi,2014
SBAT,,,,,,,,,
SCCO,Pembuatan Pellet Cross Linked Polyethylen dan PVC,197483164546.0,Tangerang,,PT Setia Pratama Lestari Pelletizing Industries,99.0,,BEROPERASI,1985
SCMA,Jasa Media Penyiaran Televisi,554880000.0,Makassar,,PT Surya Citra Dimensi Media,10.0,,Belum Beroperasi,
SCNP,Manufaktur,140368372339.0,Jakarta,IDR,PT Selaras Donlim Indonesia (SDI),55.0,PENUH,Belum beroperasi,
SCPI,,,,,,,,,
SDMU,JASA LOGISTIK DAN FREIGHT FORWARDER,83381280000.0,Jl. Gunung Sahari II No 12A Jakarta,,PT SIDOMULYO LOGISTIK,100.0,,AKTIF,2001
SDPC,-,0.0,-,,-,0.0,,-,0
SDRA,,,,,,,,,
SFAN,Jasa perdagangan efek,96106847644.0,Jakarta,IDR,PT Surya Fajar Sekuritas,99.99,PENUH,Beroperasi,2018
SGER,"bidang pelayaran dan
pengangkutan laut antar pelabuhan",15093.0,Jakarta,IDR,PT Transmarina Samudera Armada,90.0,JUTAAN,Operasi,2016
SGRO,Perkebunan kelapa sawit,1136000000.0,Jakarta,,PT Tania Binatama,99.67,,Belum Beroperasi Komersial,0
SHID,Management Hotel,30097133395.0,Jakarta,,PT. Sahid International Hotel Management & Consult,95.0,,Beroperasi,1994
SHIP,PELAYARAN,39175424.0,JAKARTA,,PT. SUASA BENUA SUKSES,51.0,,Beroperasi,2011
SIDO,"Perdagangan, termasuk impor dan ekspor,  dan distributor obat-obatan (farmasi), jamu",1068418.0,Semarang,,PT Muncul Mekar,100.0,,Beroperasi,1987
SILO,"Perdagangan,
pembangunan,
industri,
pertambangan,
transportasi
darat, pertanian,
percetakan,
perbengkelan, jasa
(kecuali hukum dan
pajak)",192743360148.0,Jakarta,IDR,PT Prawira Tata Semesta,99.8,PENUH,Belum beroperasi,2009
SIMA,,,,,,,,,
SIMP,"Industri Perkebunan Kelapa Sawit, Karet, Kakao, Kelapa dan Teh, Serta Pengolahannya dan Perdagangan",8696260000000.0,Jakarta,,PT Perusahaan Perkebunan London Sumatra Indonesia Tbk,60.0,,,1962
SINI,"Perdagangan dan
perindustrian dari kayu.",178238220404.0,Tangerang,IDR,PT Interkayu Nusantara,54.0,PENUH,Operasi,1991
SIPD,Industri peralatan peternakan ayam,341979597621.0,Jakarta,,PT. Sierad Industries,99.56,,Aktif,1996
SKLT,Perdagangan Umum dan Distribusi,208562830041.0,Sidoarjo,,PT Pangan Lestari,100.0,,1985,1985
SKRN,,,,,,,,,
SKYB,Keuangan non bank sebagai penyedia jasa e-money,3298.0,Jakarta,,PT Skye Sab Indonesia,51.0,,Beroperasi,2007
SLIS,"perindustrian, perdagangan, perbengkelan, dan
jasa",178539866617.0,Tangerang,IDR,PT Juara Bike,99.97,PENUH,Beroperasi,2011
SMAR,,,,,,,,,
SMBR,"Perdagangan, Pembangunan, Perindustrian, Pengangkutan Darat & Jasa",29426011.0,Palembang,,PT Baturaja Multi Usaha,100.0,,Operasi,2016
SMCB,Jasa Angkutan,1834000000.0,Jakarta,,PT Wahana Transtama,98.9,,Tidak Beroperasi,1990
SMDM,Investasi dan real estat,1633368966.0,Jakarta,,PT. Centranusa Majupermai,99.0,,Komersial,1997
SMDR,Jasa pengelolaan kapal dan jasa terkait,2671127.0,Jakarta,,PT Samudera Ship Management,99.93,,,1992
SMGR,Produsen Semen,8750045859.0,"Indarung, Sumatera Barat",,PT Semen Padang,100.0,,Aktif,1913
SMKL,,,,,,,,,
SMMA,,,,,,,,,
SMMT,Perusahaan Induk,218759.0,Jakarta,,PT Nagamas Makmur Jaya,99.12,,Holding,2011
SMRA,Pengembang Properti,0.0,Jakarta,,PT Unota Persadajaya,45.0,,Belum beroperasi,
SMRU,Tambang,14609859.0,JKT ,,PT Soe Makmur Resources,99.91,,Aktif,2010
SMSM,Filter Manufacturer,340321752471.0,Curug,,PT Panata Jaya Mandiri,70.0,,Beroperasi,1983
SOCI,Pelayaran,29213211.0,Jakarta,,PT Inti Energi Line (“IEL”),0.0,PENUH,Beroperasi,2006
SOFA,"Perdagangan
eceran furniture",999770000.0,"Tangerang, Banten",IDR,PT Pratama Satya Prima,99.99,PENUH,Beroperasi,2019
SOHO,Industri farmasi,954659.0,Jakarta Timur,IDR,PT Soho Industri Pharmasi,99.64,JUTAAN,Beroperasi,1951
SONA,Toko Bebas Bea ,972034095394.0,Jakarta,,PT Inti Dufree Promosindo,100.0,,Beroperasi,1991
SOSS,Jasa Sumber Daya Manusia,20025754848.0,Jakarta Pusat,IDR,PT Professional Human Resources,80.0,PENUH,Operasional,2007
SOTS,"perdagangan, pembangunan, industri, transportasi darat, pertanian,
percetakan dan jasa",127185907100.0,Jakarta,IDR,PT Tanjung Karoso Permai,90.0,PENUH,Belum Beroperasi,
SPMA,,,,,,,,,
SPOT,,,,,,,,,
SPTO,"Pembangunan dan
Pengelolaan Gedung",488265589720.0,"Gedung Toto, Jln. Tomang Raya No. 18, RT. 005/RW. 001, Kelurahan Jatipulo,",IDR,PT Surya Graha Pertiwi,50.0,PENUH,Belum Beroprasi,2011
SQMI,Pertambangan Batubara,11593392.0,Jambi,,PT. Jambi Prima Coal,100.0,,,2010
SRAJ,PENYELENGARAAN RUMAH SAKIT,1014504825732.0,Jl. Lebak Bulus I Kav.29 Jakarta Selatan,,PT.NIRMALA KENCANA MAS,100.0,,Sudah Beroperasi,2013
SRIL,PEMINTALAN BENANG,145461996.0,SEMARANG,,PT.SINAR PANTJA DJAJA,100.0,,1970,1972
SRSN,,,,,,,,,
SRTG,Persewaan ruang kantor/Office spaces rental service,79432.0,Jakarta,,PT Satria Sukses Makmur,60.0,,Telah Beroperasi,2007
SSIA,Hotel dan usaha sejenis lainnya,120727396000.0,Jakarta ,,PT Surya Internusa sa Hotels,100.0,,Aktif ,2010
SSMS,Perkebunan kelapa sawit,149142000.0,Lamandau,,PT Sawit Mandiri Lestari,99.9,,belum beroperasi,0
SSTM,,,,,,,,,
STAR,Perdagangan Besar,696689210546.0,Jakarta,,PT Tunas Surya,99.0,,belum beroperasi,
STTP,Perdagangan,390394976727.0,Surabaya,,PT. Siantar Megah Jaya,100.0,,,
SUDI,,,,,,,,,
SUGI,Energi,958800.0,,,Eurorich Group Ltd.,51.0,,,
SULI,,,,,,,,,
SUPR,Pengelolaan dan penyewaan menara BTS,235215.0,Bandung,,PT Sarana Inti Persada,100.0,,,2005
SURE,Industri permunian dan pengolahan gas alam,37983370387.0,Tuban Jawa Timur,IDR,PT Gasuma Federal Indonesia,99.99,PENUH,2012,2007
SWAT,"Industri dan
perdagangan
umum",158102162895.0,Boyolali,IDR,PT Mulia Cipta Teknologi,99.8,PENUH,Belum beroperasi,2018
TAMA,,,,,,,,,
TAMU,,,,,,,,,
TARA,"Pembangunan, jasa pengelola gedung, jasa konsultasi manajemen",951.0,Jakarta,,PT Raffles Hotel,99.99,,Pra-Operasional,
TAXI,Transportasi Darat,94976538.0,BEKASI,,PT Mutiara Express Perdana,100.0,,BEROPERASI,2007
TBIG,Jasa penyewaan menara telekomunikasi,2222000000.0,,,Tower Bersama Singapore Pte Ltd,100.0,,,
TBLA,PERKEBUNAN KELAPA SAWIT,40074.0,LAMPUNG,,PT. BUMI SENTOSA ABADI,100.0,,AKTIF,1972
TBMS,,,,,,,,,
TCID,,,,,,,,,
TCPI,,,,,,,,,
TDPM,Produksi Synthetic Resin dan FAME,90220.0,Tangerang,USD,PT Eternal Buana Chemical Industries,99.2,RIBUAN,Beroperasi,1982
TEBE,"Berusaha dalam bidang Jasa
Pengolahan Pelabuhan batubara.",2360493.0,Jakarta Selatan,IDR,PT Pelabuhan Talenta Bumi,99.0,RIBUAN,Belum beroperasi,
TECH,"Periklanan, Platform Digital",4207043054.0,Jakarta Selatan,IDR,PT Digimedia Andalan Nusantara,99.0,PENUH,Operasional,2018
TELE,Service Centre,2939.0,,,PT. Setia Utama Services,99.0,,,
TFAS,outsourcing sumber daya manusia,1289711659.0,Jakarta,IDR,PT Emitama Wahana Mandiri,70.0,PENUH,Beroperasi,2017
TFCO,,,,,,,,,
TGKA,Pengisian Tabung Gas dan Peralatan Rumah Tannga,350300.0,Jakarta,,PT. Blue Gas Indonesia,75.0,,aktif,1991
TGRA,Pembangkit listrik tenaga mini hidro,255245267245.0,Jakarta,IDR,PT Terregra Hydro Power,99.99,PENUH,Belum,
TIFA,,,,,,,,,
TINS,"Penelitian, survey, eksplorasi pertambangan",241591.0,Pulau Bangka,,PT Timah Eksplomin,100.0,,Aktif,1998
TIRA,Industri cetakan (molding) dan kawat las,37726816468.0,"Cileungsi, Jawa Barat",,PT Alpha Austenite,100.0,,Operasi,1977
TIRT,,,,,,,,,
TKIM,Keuangan,2.0,Belanda,,Tjiwi Kimia Finance B.V.,100.0,,Operasi,2004
TLKM,TV Berlangganan dan Jasa Konten,687.0,Jakarta,,"PT Indonusa Telemedia (""Indonusa"") ",100.0,,Aktif,1995
TMAS,JASA PELAYARAN,108407317211.0,JAKARTA,,PT PELAYARAN TIRTAMAS EXPRESS,100.0,,2003,2003
TMPO,PENERBITAN PERS,202590360.0,Jakarta,,PT TEMPO INTI MEDIA HARIAN,100.0,,,
TNCA,,,,,,,,,
TOBA,Coal Mining,282329473.0,,,PT Toba Bara Sejahtra Tbk,0.0,,,2016
TOPS,,,,,,,,,
TOTL,Pengembang/Developer,12637664.0,Jakarta,,PT Adhiguna Utama (AU),99.0,,Belum Aktif,2007
TOTO,"INDUSTRI SANITARY WARES,PLUMBING FITTING,KITCHEN",0.0,,,PT SURYA TOTO INDONESIA,0.0,,,
TOWR,Jasa penunjang Telekomunikasi,338170000000.0,,,Antenna Mast Company I B.V.,55.99,,,
TOYS,,,,,,,,,
TPIA,Petrokimia,0.0,Jakarta,,PT Synthetic Rubber Indonesia,100.0,,Tahap Pengembangan,
TPMA,N/A,0.0,N/A,,N/A,0.0,,-,0
TRAM,Pelayaran,3151455.0,Jakarta,,PT. Trada Dryship,80.0,,aktif,2011
TRIL,Perdagangan Komoditi Hasil Pertambangan dan Energi Khususnya Batu Bara,5875632510.0,Jakarta,,PT Triwira Global Resources,99.0,,,2009
TRIM,Manajer Investasi,154124623.0,Jakarta,,PT Trimegah Asset Management,100.0,,,2015
TRIN,Real Estat Yang Dimiliki Sendiri Atau Disewa,711869960.0,Jakarta,IDR,PT Triniti Dinamik,56.04,RIBUAN,Beroperasi,2014
TRIO,Distribusi penjualan Telepon Selular,2386159453207.0,Singapura,,Trikomsel Pte. Ltd.,100.0,,Sudah ,2008
TRIS,Penyewaan dan manajemen properti,21098597131.0,Jakarta,,PT Tritirta Saranadamai,98.0,,Aktif,2008
TRJA,,,,,,,,,
TRST,Investmen Company,137800000000.0,Singapore,,"Astria Packaging Pte,Ltd",100.0,,,2007
TRUK,Jasa pengurusan transportasi (freight forwarding),7652803933.0,Jl. RE Martadinata No. 8 Blok A1 Ancol Pademangan Jakarta Utara.,IDR,PT Guna Artha Logistik,50.0,PENUH,2013,2012
TRUS,,,,,,,,,
TSPC,Jasa distribusi dan pemasaran,4698194820.0,,,Tempo Scan Pacific Malaysia Inc. - TSPM,100.0,,,
TUGU,Investasi Saham,613032257.0,Jakarta,USD,PT Tugu Pratama Interindo (TPInt),99.99,PENUH,Beroperasi,1994
TURI,Otomotif,551893.0,Lampung,,PT Tunas Dwipa Matra,100.0,,Aktif,1984
UANG,,,,,,,,,
UCID,Manufaktur non-woven dan kertas tisu,443801.0,"Mojokerto, Jawa Timur",IDR,PT Unicharm Nonwoven Indonesia,99.0,JUTAAN,Beroperasi,2015
ULTJ,Penanaman Modal Asing (PMA) yang bergerak dalam bidang perdagangan,701017819.0,Jakarta,,PT NIKOS INTERTRADE,60.0,,,2005
UNIC,Distributor,1856995.0,New Zealand,,Albright 7 Wilson New Zealand,100.0,,Aktif,1986
UNIT,PEMINTALAN BENANG,425823815955.0,YOGYAKARTA,,PT DELTA NUSANTARA,52.0,,Aktif,1989
UNSP,Bio Diesel,33481759.0,Batam,,PT BakrieRekin Bio Energy,70.0,,-,0
UNTR,Perdagangan dan Umum,70902354.0,Indonesia,,PT United Tractors Tbk,100.0,,Beroperasi,1972
UNVR,Others,2071.0,Indonesia,,PT Anugrah Lever (dalam likuidasi/in liquidation),100.0,,Beroperasi,2001
URBN,,,,,,,,,
VICO,Perusahaan Efek,175601404941.0,Jakarta,,PT Victoria Securities Indonesia,100.0,,Operasional,2012
VINS,ASURANSI KERUGIAN,0.0,JAKARTA BARAT,,PT VICTORIA INSURANCE TBK,0.0,,AKTIF,2015
VIVA,Penyelenggaraan penyiaran berlangganan,647224409.0,Jakarta,,PT Digital Media Asia,51.0031,,Tahap pengembangan,0
VOKS,"Perdagangan Umum, Pembangunan dan jasa",5512964733.0,Jakarta,,PT. Maju Bersama Gemilang,100.0,,"Perdagangan umum, pembangunan dan jasa",2013
VRNA,,,,,,,,,
WAPO,,,,,,,,,
WEGE,Industri dan instalasi beton pracetak untuk gedung dan fasilitasnya,66010000.0,Jakarta,IDR,PT Wijaya Karya Pracetak Gedung ,51.0,PENUH,Beroperasi,2016
WEHA,Jasa Transportasi,17342233815.0,,,PT Panorama Primakencana Transindo (RPT) dimiliki PPT dengan kepemilikan 50%,99.0,,,
WICO,Induk Perusahaan untuk Pusat Perdagangan Besar,36212863391.0,Jakarta,,PT Wicaksana Supra Ekatama,100.0,,-,1995
WIIM,Industri Rokok,1046314060159.0,Surabaya,,PT Gelora Djaja,100.0,,1962,1962
WIKA,Geothermal PP,12907585.0,Jakarta,,PT Wijaya Karya Jabar Power,55.0,,Tahap Pengembangan,
WINS,Investasi,22962731.0,Singapura,,Abbeypure Pte. Ltd,100.0,,Beroperasi,2010
WOMF,Lembaga Pembiayaan,6298741.0,Mega Glodok Kemayoran Office Tower B  Jl. Angkasa Kav. B-6 Bandar Baru Kemayoran Jakarta Pusat - 106,IDR,PT Wahana Ottomitra Multiartha Tbk,0.0,JUTAAN,1982,2003
WOOD,Industri Hak Pengelolaan Hutan,123485.0,Kalimantan Timur,IDR,PT Narkata Rimba,99.0,JUTAAN,Beroperasi,1978
WOWS,,,,,,,,,
WSBP,,,,,,,,,
WSKT,"Properti, perdagangan dan keagenan",45207819387.0,Indonesia,,PT Ismawa Trimitra,25.0,,Beroperasi,1995
WTON,Concrete Industry,60955511872.0,Cilegon,,WIKA Kraton,60.0,,Sudah Beroperasi,2012
YELO,,,,,,,,,
YPAS,,,,,,,,,
YULE,,,,,,,,,
ZADI,,,,,,,,,
ZBRA,Jasa Transportasi,5765966050.0,Surabaya,,PT Surabaya Artautama Bersama,96.0,,Beroperasi,1996
ZINC,,,,,,,,,
ZONE,Produsen Pakaian Jadi,146865.0,Jakarta,IDR,PT Mega Putra Garment,99.99,JUTAAN,Sudah Beroperasi,2014
