ticker,Nama,Jabatan,Afiliasi
AALI,SANTOSA,PRESIDEN DIREKTUR,True
ABBA,Adrian Syarkawi,DIREKTUR UTAMA,True
ABDA,Julien Pierre Combaret,DIREKTUR,True
ABMM,Achmad Ananda Djajanegara,DIREKTUR UTAMA,True
ACES,PRABOWO WIDYA KRISNADI,DIREKTUR UTAMA,True
ACST,Idot Supriadi,PRESIDEN DIREKTUR,True
ADES,Wihardjo Hadiseputro,PRESIDEN DIREKTUR,False
ADFO,,,
ADHI,ENTUS ASNAWI MUKHSON,DIREKTUR UTAMA,True
ADMF,Hafid Hadeli,DIREKTUR UTAMA,True
ADMG,"Gautama Hartarto, MA",PRESIDEN DIREKTUR,True
ADRO,Garibaldi Thohir,PRESIDEN DIREKTUR,True
AGAR,Indra Widyadharma,DIREKTUR UTAMA,True
AGII,RACHMAT HARSONO,DIREKTUR UTAMA,False
AGRO,Ebeneser Girsang,DIREKTUR UTAMA,False
AGRS,Park Ju Yong,DIREKTUR UTAMA,False
AHAP,Roy S Wiradharma,DIREKTUR UTAMA,False
AIMS,Ramono Sukadis,DIREKTUR UTAMA,True
AISA,Lim Aun Seng,DIREKTUR UTAMA,True
AKKU,HERLIANSYAH RAHADIAN,PRESIDEN DIREKTUR,False
AKPI,WILSON PRIBADI,DIREKTUR UTAMA,False
AKRA,Haryanto Adikoesoemo,PRESIDEN DIREKTUR,True
AKSI,Doddy Hermawan,DIREKTUR UTAMA,False
ALDO,Herwanto Sutanto,Direktur Utama,False
ALKA,Peng Tjoan,PRESIDEN DIREKTUR,True
ALMI,Alim Markus,DIREKTUR UTAMA,True
ALTO,Lisianawati,DIREKTUR UTAMA,True
AMAG,Pankaj Oberoi,PRESIDEN DIREKTUR,True
AMAN,Adi Saputra Tedja Surya,DIREKTUR UTAMA,True
AMAR,Vishal Tulsian,DIREKTUR UTAMA,False
AMFG,Shinichi Minagawa,PRESIDEN DIREKTUR,True
AMIN,Rudy Susanto,PRESIDEN DIREKTUR,True
AMOR,Ir. Ronaldus Gandahusada,PRESIDEN DIREKTUR,True
AMRT,Anggara Hans Prawira,PRESIDEN DIREKTUR,True
ANDI,Francis Indarto,DIREKTUR UTAMA,True
ANJT,Istini Tatiek Siddharta,DIREKTUR UTAMA,True
ANTM,Dana Amin,DIREKTUR UTAMA,True
APEX,Zainal Abidinsyah Siregar,DIREKTUR UTAMA,False
APIC,Wiyana,DIREKTUR UTAMA,True
APII,Harianto,DIREKTUR,False
APLI,Wilson Agung Pranoto,DIREKTUR UTAMA,True
APLN,Bacelius Ruru,DIREKTUR UTAMA,True
ARGO,Surjanto Purnadi,DIREKTUR UTAMA,True
ARII,Abdi Andre,PRESIDEN DIREKTUR,True
ARKA,Dwi Hartanto,DIREKTUR UTAMA,True
ARMY,Bambang Irianto,DIREKTUR UTAMA,False
ARNA,"Tandean Rustandy, M.B.A.",DIREKTUR UTAMA,True
ARTA,Chan Shih Mei,DIREKTUR,True
ARTI,B. Bur Maras,DIREKTUR UTAMA,True
ARTO,Kharim Indra Gupta Siregar,DIREKTUR UTAMA,True
ASBI,Hastanto Sri Margi Widodo,PRESIDEN DIREKTUR,True
ASDM,Dewi Mandrawan,PRESIDEN DIREKTUR,False
ASGR,Hendrix Pramana,PRESIDEN DIREKTUR,True
ASII,Djony Bunarto Tjondro,PRESIDEN DIREKTUR,True
ASJT,Megang Kacaribu,DIREKTUR UTAMA,True
ASMI,JEMMY ATMADJA,DIREKTUR,True
ASPI,Suwandi Notopradono,DIREKTUR UTAMA,True
ASRI,Andrew Charles Walker,DIREKTUR,False
ASRM,Syahril,DIREKTUR UTAMA,True
ASSA,Drs. Prodjo Sunarjanto Sekar Pantjawati,PRESIDEN DIREKTUR,True
ATIC,Harry Surjanto Hambali,PRESIDEN DIREKTUR,False
AUTO,Hamdani Dzulkarnaen Salim,PRESIDEN DIREKTUR,True
AYLS,Akam,DIREKTUR,False
BABP,Mahdan,PRESIDEN DIREKTUR,True
BACA,Wahyu Dwi Aji,DIREKTUR UTAMA,True
BAJA,Handaja Susanto,DIREKTUR UTAMA,True
BALI,Jap Owen Ronadhi,DIREKTUR UTAMA,True
BAPA,Salomon Adiwarna,DIREKTUR UTAMA,False
BAPI,"H. Agung Hadi Tjahjanto,SE",DIREKTUR UTAMA,True
BATA,Inderpreet Singh Bhatia,PRESIDEN DIREKTUR,True
BAYU,Agustinus Kasjaya Pake Seko,DIREKTUR UTAMA,True
BBCA,Jahja Setiaatmadja,PRESIDEN DIREKTUR,True
BBHI,Harry Abbas,DIREKTUR,False
BBKP,RIvan A. Purwantono,DIREKTUR UTAMA,True
BBLD,Yannuar Alin,DIREKTUR UTAMA,False
BBMD,Andy,DIREKTUR,False
BBNI,Royke Tumilaar ,DIREKTUR UTAMA,False
BBRI,Sunarso,DIREKTUR UTAMA,False
BBRM,Peter,DIREKTUR UTAMA,False
BBSI,Laniwati Tjandra,DIREKTUR UTAMA,False
BBSS,Felix Soesanto,DIREKTUR UTAMA,True
BBTN,Pahala Nugraha Mansury,DIREKTUR UTAMA,False
BBYB,Tjandra Gunawan,DIREKTUR UTAMA,False
BCAP,Wito Mailoa,DIREKTUR UTAMA,True
BCIC,Ritsuo Fukadai ,DIREKTUR UTAMA,True
BCIP,Edward Halim,DIREKTUR UTAMA,False
BDMN,Yasushi Itagaki,DIREKTUR UTAMA,True
BEEF,Yustinus Sadmoko,DIREKTUR UTAMA,False
BEKS,Fahmi Bagus Mahesa,DIREKTUR UTAMA,False
BELL,Karsongno Wongso Djaja,DIREKTUR UTAMA,True
BESS,Wisnu Wahyudin Pettalolo,DIREKTUR UTAMA,False
BEST,Yoshihiro Kobi,DIREKTUR UTAMA,False
BFIN,Francis Lay Sioe Ho,PRESIDEN DIREKTUR,True
BGTG,Lisawati,PRESIDEN DIREKTUR,False
BHAT,Dimas Teguh Mulyanto,DIREKTUR UTAMA,False
BHIT,Darma Putra,DIREKTUR UTAMA,True
BIKA,Budianto Halim,DIREKTUR UTAMA,False
BIMA,Bambang Setiyono,DIREKTUR UTAMA,False
BINA,Daniel Budirahayu,DIREKTUR UTAMA,True
BIPI,Raymond Anthony Gerungan,DIREKTUR UTAMA,False
BIPP,ARIANTO SJARIEF,PRESIDEN DIREKTUR,True
BIRD,Noni Sri Ayati Purnomo,DIREKTUR UTAMA,True
BISI,Jemmy Eka Putra,DIREKTUR UTAMA,True
BJBR,YUDDY RENALDI,DIREKTUR UTAMA,False
BJTM,Busrul Iman,DIREKTUR UTAMA,True
BKDP,Hendro Sumampow,DIREKTUR UTAMA,True
BKSL,TJETJE MULJANTO,PRESIDEN DIREKTUR,True
BKSW,Stewart Donald Hall,DIREKTUR UTAMA,True
BLTA,Siana Anggraeni Surya,DIREKTUR UTAMA,False
BLTZ,"Kim, Kyoung Tae ",DIREKTUR UTAMA,True
BLUE,Herman Tansri,DIREKTUR UTAMA,True
BMAS,Herman Halim,DIREKTUR UTAMA,True
BMRI,Royke Tumilaar,DIREKTUR UTAMA,False
BMSR,Welly Thomas,DIREKTUR UTAMA,True
BMTR,Hary Tanoesoedibjo,DIREKTUR UTAMA,True
BNBA,Wikan Aryono S,PRESIDEN DIREKTUR,False
BNBR,Anindya Novyan Bakrie,DIREKTUR UTAMA,True
BNGA,Tigor M. Siahaan,PRESIDEN DIREKTUR,False
BNII,Taswin Zakaria,PRESIDEN DIREKTUR,True
BNLI,Ridha DM Wirakusumah,DIREKTUR UTAMA,True
BOGA,Hendricus A.Hormein,DIREKTUR UTAMA,True
BOLA,Yabes Tanuri,DIREKTUR UTAMA,True
BOLT,Ervin Wijaya,DIREKTUR UTAMA,False
BOSS,Freddy Tedjasasmita,DIREKTUR UTAMA,False
BPFI,MARKUS DINARTO PRANOTO,DIREKTUR UTAMA,True
BPII,Rudi Setiadi Tjahjono,DIREKTUR UTAMA,True
BPTR,Paulus Handigdo,DIREKTUR UTAMA,True
BRAM,Mehmet Zeki Kanadikirik,PRESIDEN DIREKTUR,True
BRIS,Ngatari,DIREKTUR UTAMA,False
BRMS,Suseno Kramadibrata,DIREKTUR UTAMA,True
BRNA,Pujihasana Wijaya,PRESIDEN DIREKTUR,True
BRPT,Agus Salim Pangestu,DIREKTUR UTAMA,False
BSDE,Franciscus Xaverius RD,PRESIDEN DIREKTUR,False
BSIM,Frenky Tirtowijoyo,DIREKTUR UTAMA,True
BSSR,Doddy Imam Hidayat,DIREKTUR UTAMA,True
BSWD,Sindbad Rijadi Hardjodipuro,DIREKTUR UTAMA,True
BTEK,Dhanny Cahyadi,DIREKTUR UTAMA,True
BTEL,Harya Mitra Hidayat,DIREKTUR UTAMA,True
BTON,Gwie Gunadi Gunawan,DIREKTUR UTAMA,False
BTPN,Ongki Wanadjati Dana,DIREKTUR UTAMA,True
BTPS,Hadi Wibowo,DIREKTUR UTAMA,True
BUDI,Santoso Winata,PRESIDEN DIREKTUR,False
BUKK,Irsal Kamarudin,DIREKTUR UTAMA,True
BULL,Wong Kevin,DIREKTUR UTAMA,True
BUMI,Saptari Hoedaja,PRESIDEN DIREKTUR,True
BUVA,FRANKY TJAHYADIKARTA,DIREKTUR UTAMA,True
BVIC,Ahmad Fajar,DIREKTUR UTAMA,False
BWPT,Ramesh Veloo,DIREKTUR UTAMA,True
BYAN,Dato' Dr. Low Tuck Kwong,DIREKTUR UTAMA,True
CAKK,Johan Silitonga,DIREKTUR UTAMA,True
CAMP,Samudera Prawirawidjaja,PRESIDEN DIREKTUR,False
CANI,SUTA WIJAYA,DIREKTUR UTAMA,True
CARE,"Ir. Henry Kembaren, MM",DIREKTUR UTAMA,False
CARS,Sebastianus Harno Budi,DIREKTUR UTAMA,True
CASA,Hengky Setiono,DIREKTUR UTAMA,True
CASH,Tee Teddy Setiawan,PRESIDEN DIREKTUR,True
CASS,Randy Pangalila,PRESIDEN DIREKTUR,False
CBMF,Suwandi,DIREKTUR UTAMA,False
CCSI,Peter Djatmiko,DIREKTUR UTAMA,True
CEKA,Erry Tjuatja,PRESIDEN DIREKTUR,True
CENT,Yan Raymond Jafri,DIREKTUR UTAMA,True
CFIN,Gita Puspa K Darmawan,DIREKTUR UTAMA,True
CINT,KAZUHIKO AMINAKA,DIREKTUR UTAMA,True
CITA,Harry Kesuma Tanoto,DIREKTUR UTAMA,True
CITY,Elfi Darlis,DIREKTUR UTAMA,True
CLAY,Firman M Silalahi,DIREKTUR UTAMA,True
CLEO,Belinda Natalia,DIREKTUR UTAMA,True
CLPI,SANTOSO JIEMY,DIREKTUR UTAMA,True
CMNP,Fitria Yusuf,DIREKTUR UTAMA,True
CMPP,Dendy Kurniawan,DIREKTUR UTAMA,False
CNKO,Benny Wirawansa,PRESIDEN DIREKTUR,False
CNTX,Ho Soo Boon,PRESIDEN DIREKTUR,False
COCO,Reinald Siswanto,DIREKTUR UTAMA,True
COWL,Irwan Susanto,PRESIDEN DIREKTUR,True
CPIN,Tjiu Thomas Effendy,PRESIDEN DIREKTUR,True
CPRI,Jansen Surbakti,DIREKTUR UTAMA,True
CPRO,Hendri Laiman,DIREKTUR UTAMA,True
CSAP,Budyanto Totong,DIREKTUR UTAMA,False
CSIS,AU BINTORO,DIREKTUR UTAMA,True
CSMI,Arriola Arthur Raphael ,DIREKTUR UTAMA,True
CSRA,Gita Sapta Adi,DIREKTUR UTAMA,True
CTBN,Satya Heragandhi,DIREKTUR UTAMA,True
CTRA,Candra Ciputra,DIREKTUR UTAMA,True
CTTH,Taufik Johannes,DIREKTUR UTAMA,True
DADA,Adam,DIREKTUR UTAMA,True
DART,VENTJE CHANDRAPUTRA SUARDANA,DIREKTUR UTAMA,True
DAYA,Lilis Mulyawati,PRESIDEN DIREKTUR,True
DEAL,Nofrisel,DIREKTUR UTAMA,True
DEFI,Asnardi,DIREKTUR UTAMA,True
DEWA,Saptari Hoedaja,PRESIDEN DIREKTUR,False
DFAM,Billy Dahlan,DIREKTUR UTAMA,True
DGIK,Djoko Eko Suprastowo,DIREKTUR UTAMA,True
DIGI,Wiliam Martaputra,DIREKTUR UTAMA,True
DILD,Hendro Santoso Gondokusumo,DIREKTUR UTAMA,True
DIVA,Raymond Loho,DIREKTUR UTAMA,True
DKFT,Kiki Hamidjaja,DIREKTUR UTAMA,True
DLTA,Jose Daniel Abellon Javier,DIREKTUR UTAMA,True
DMAS,Hongky Jeffry Nantung,PRESIDEN DIREKTUR,False
DMMX,Budiasto Kusuma,DIREKTUR UTAMA,True
DMND,Chen Tsen Nan,DIREKTUR UTAMA,True
DNAR,Lim Cheol Jin,DIREKTUR UTAMA,True
DNET,Haliman Kustedjo,DIREKTUR UTAMA,True
DOID,Hagianto Kumala,DIREKTUR UTAMA,True
DPNS,Siang Hadi Widjaja,DIREKTUR UTAMA,True
DPUM,Witiarso Utomo,DIREKTUR UTAMA,True
DSFI,Ewijaya,DIREKTUR UTAMA,True
DSNG,ANDRIANTO OETOMO,DIREKTUR UTAMA,True
DSSA,Lay Krisnan Cahya,PRESIDEN DIREKTUR,True
DUCK,Limpa Itsin Bachtiar,DIREKTUR UTAMA,False
DUTI,Teky Mailoa,DIREKTUR UTAMA,False
DVLA,Marlia Hayati Goestam,PRESIDEN DIREKTUR,True
DWGL,Herman Fasikhin,DIREKTUR UTAMA,True
DYAN,Gabriel Maryamto Sunu,DIREKTUR UTAMA,True
EAST,Khalid bin Omar Abdat,PRESIDEN DIREKTUR,True
ECII,Wiradi,DIREKTUR UTAMA,True
EKAD,JUDI WIDJAJA LEONARDI,DIREKTUR UTAMA,True
ELSA,Ali Mundakir,DIREKTUR UTAMA,True
ELTY,Ambono Janurianto,PRESIDEN DIREKTUR,False
EMDE,LORA MELANI LOWAS BARAK RIMBA,DIREKTUR UTAMA,True
EMTK,Alvin W. Sariaatmadja,DIREKTUR UTAMA,True
ENRG,Syailendra S. Bakrie,DIREKTUR UTAMA,True
ENVY,Mohd Nadzaruddin Bin Abd Hamid,DIREKTUR UTAMA,True
EPAC,Bahar,DIREKTUR UTAMA,True
EPMT,Djonny Hartono Tjahyadi,PRESIDEN DIREKTUR,True
ERAA,Andreas Harun Djumadi,DIREKTUR,True
ERTX,Marissa Jeanne Maren,DIREKTUR UTAMA,True
ESIP,Eric Budisetio Kurniawan,DIREKTUR UTAMA,True
ESSA,Chander Vinod Laroya,PRESIDEN DIREKTUR,True
ESTA,Lukman Nelam,DIREKTUR UTAMA,True
ESTI,Michael Sung,DIREKTUR,False
ETWA,Lie Kiong,PRESIDEN DIREKTUR,False
EXCL,Dian Siswarini ,PRESIDEN DIREKTUR,True
FAST,Ricardo Gelael,DIREKTUR UTAMA,True
FASW,Peerapol Mongkolsilp,DIREKTUR UTAMA,True
FILM,Manoj Dhamoo Punjabi,DIREKTUR UTAMA,True
FINN,Sumartono Mardjuki,PRESIDEN DIREKTUR,True
FIRE,Aris Munandar,DIREKTUR UTAMA,False
FISH,Lucy Tjahjadi,DIREKTUR,True
FITT,Joni Rizal,DIREKTUR UTAMA,False
FMII,Tjandra Mindharta Gozali,PRESIDEN DIREKTUR,True
FOOD,Agustus Sani Nugroho,DIREKTUR UTAMA,True
FORU,SATRIO,DIREKTUR UTAMA,True
FORZ,Erick Satria,DIREKTUR UTAMA,True
FPNI,KANG JONGWON,DIREKTUR UTAMA,True
FREN,Merza Fachys,PRESIDEN DIREKTUR,True
FUJI,Anita Marta,DIREKTUR UTAMA,True
GAMA,Budiawan Lebar,DIREKTUR UTAMA,True
GDST,Tetsuro Okano,DIREKTUR UTAMA,False
GDYR,RANDEEP SINGH KANWAR,PRESIDEN DIREKTUR,True
GEMA,DEDY ROCHIMAT,DIREKTUR UTAMA,False
GEMS,Bonifasius,PRESIDEN DIREKTUR,True
GGRM,Susilo Wonowidjojo,PRESIDEN DIREKTUR,True
GGRP,Abednedju Giovano Warani Sangkaeng,PRESIDEN DIREKTUR,True
GGST,,,
GHON,Rudolf Parningotan Nainggolan,DIREKTUR UTAMA,True
GIAA,Irfan Setiaputra,DIREKTUR UTAMA,True
GJTL,Sugeng Rahardjo,PRESIDEN DIREKTUR,True
GLOB,Sugiono Wiyono Sugialam,DIREKTUR UTAMA,False
GLVA,Oki Widjaja,DIREKTUR UTAMA,True
GMFI,I Wayan Susena,DIREKTUR UTAMA,True
GMTD,H. Andi Anzhar Cakra Wijaya,PRESIDEN DIREKTUR,True
GOLD,Paulus Ridwan Purawinata,DIREKTUR UTAMA,False
GOLL,Budhi Istanto Suwito,DIREKTUR UTAMA,True
GOOD,Hardianto Atmadja,DIREKTUR UTAMA,False
GPRA,Arvin F Iskandar,DIREKTUR UTAMA,True
GREN,Laksamana Muda Franklin William Kayhatu,DIREKTUR UTAMA,False
GRHA,Indah Mardiani,DIREKTUR UTAMA,True
GSMF,Muhamad Zulkifli Abusuki,PRESIDEN DIREKTUR,True
GTBO,Ratendra Kumar Srivastva,PRESIDEN DIREKTUR,True
GWSA,Paulus Indra Intan,DIREKTUR UTAMA,False
GZCO,Kreisna Dewantara Gozali,PRESIDEN DIREKTUR,True
HADE,Piter Rasiman,DIREKTUR UTAMA,True
HDFA,Evy Indahwaty,DIREKTUR UTAMA,True
HDIT,Hendra David,DIREKTUR UTAMA,True
HDTX,Enrico Haryono,DIREKTUR UTAMA,False
HEAL,Hasmoro,DIREKTUR UTAMA,False
HELI,Edwin Widjaja,DIREKTUR UTAMA,False
HERO,Ingemar Patrik Lindvall,PRESIDEN DIREKTUR,True
HEXA,Ir Djonggi TP. Gultom,PRESIDEN DIREKTUR,True
HITS,Budi Haryono,DIREKTUR UTAMA,False
HKMU,Ngasidjo Achmad,DIREKTUR UTAMA,True
HMSP,Mindaugas Trumpaitis,PRESIDEN DIREKTUR,False
HOKI,SUKARTO BUJUNG,DIREKTUR UTAMA,True
HOME,Bayu Widia Prakoso,DIREKTUR UTAMA,True
HOMI,Velliana Tanaya,DIREKTUR UTAMA,True
HOTL,Tubagus Yudi Yuniardi,DIREKTUR UTAMA,True
HRME,Christofer Wibisono,DIREKTUR UTAMA,True
HRTA,Sandra Sunanto,PRESIDEN DIREKTUR,True
HRUM,Ray Antonio Gunara,DIREKTUR UTAMA,True
IATA,Henry Suparman,PRESIDEN DIREKTUR,False
IBFN,Carolina Dina Rusdiana,DIREKTUR UTAMA,False
IBST,Andrie Tjioe,DIREKTUR UTAMA,False
ICBP,Anthoni Salim,DIREKTUR UTAMA,False
ICON,OCTAVIANUS KUNTJORO,DIREKTUR,True
IDPR,Febyan,PRESIDEN DIREKTUR,True
IFII,Heffy Hartono,DIREKTUR UTAMA,True
IFSH,Oei Harry Fong Jaya,PRESIDEN DIREKTUR,True
IGAR,ANTONIUS MUHARTOYO,DIREKTUR UTAMA,True
IIKP,SUSANTI HIDAYAT,DIREKTUR UTAMA,True
IKAI,Zaenal Asikin,DIREKTUR,False
IKAN,Johan Rose,DIREKTUR UTAMA,True
IKBI,Sigetoshi Sasaki,DIREKTUR UTAMA,True
IMAS,Jusak Kertowidjojo,DIREKTUR UTAMA,False
IMJS,Jusak Kertowidjojo,DIREKTUR UTAMA,True
IMPC,Lindawati,DIREKTUR,True
INAF,Arief Pramuhanto,DIREKTUR UTAMA,True
INAI,Alim Markus,PRESIDEN DIREKTUR,False
INCI,Tazran Tanmizi,DIREKTUR UTAMA,True
INCO,Nicolas D. Kanter,PRESIDEN DIREKTUR,True
INDF,Anthoni Salim,DIREKTUR UTAMA,False
INDO,Leslie Soemedi,DIREKTUR UTAMA,False
INDR,V S Baldwa,PRESIDEN DIREKTUR,True
INDS,IKAWATI NURHADI,DIREKTUR UTAMA,True
INDX,Harun Bin Halim Rasip,DIREKTUR UTAMA,True
INDY,M. Arsjad Rasjid P.M.,DIREKTUR UTAMA,True
INKP,Hendra Jaya Kosasih,PRESIDEN DIREKTUR,True
INOV,Jaehyuk Choi,DIREKTUR UTAMA,True
INPC,Andy Kasih,DIREKTUR UTAMA,False
INPP,Agoes Soelistyo Santoso,PRESIDEN DIREKTUR,False
INPS,EDDY PURWANTO WINATA,DIREKTUR UTAMA,True
INRU,Vinod Kesavan,DIREKTUR UTAMA,False
INSA,,,
INTA,Petrus Halim,DIREKTUR UTAMA,True
INTD,Joe Marco Lesmana,DIREKTUR UTAMA,True
INTP,Christian Kartawijaya,DIREKTUR UTAMA,True
IPCC,Ari Henryanto,DIREKTUR UTAMA,True
IPCM,AMRI YUSUF,DIREKTUR UTAMA,True
IPOL,Henry Halim ,PRESIDEN DIREKTUR,True
IPTV,Ade Tjendra,DIREKTUR UTAMA,True
IRRA,Heru Firdausi Syarif,DIREKTUR UTAMA,True
ISAT,Ahmad Abdulaziz A A Al-Neama,DIREKTUR UTAMA,True
ISSP,Ibnu Susanto,DIREKTUR UTAMA,False
ITIC,Djonny Saksono,DIREKTUR UTAMA,True
ITMA,Rocky Oktanso Sugih,PRESIDEN DIREKTUR,True
ITMG,Mulianto,DIREKTUR UTAMA,True
JAST,Welly Kosasih,WAKIL DIREKTUR UTAMA,True
JAWA,Harijadi Soedarjo,DIREKTUR UTAMA,True
JAYA,Darmawan Suryadi SM,DIREKTUR UTAMA,True
JECC,Santoso,PRESIDEN DIREKTUR,False
JGLE,Hamid Mundzir,DIREKTUR UTAMA,False
JIHD,Hartono Tjahjadi Adiwana,PRESIDEN DIREKTUR,False
JKON,Sutopo Kristanto,PRESIDEN DIREKTUR,True
JKSW,Harry Lasmono Hartawan,DIREKTUR UTAMA,False
JMAS,H. Ibrahim,DIREKTUR UTAMA,True
JPFA,Handojo Santosa,DIREKTUR UTAMA,True
JRPT,Trisna Muliadi ,DIREKTUR UTAMA,True
JSKY,Kurniadi Widyanta,DIREKTUR UTAMA,True
JSMR,Donny Arsal,DIREKTUR,True
JSPT,Jefri Darmadi,PRESIDEN DIREKTUR,True
JTPE,"Oei, Allan Wibisono",DIREKTUR UTAMA,True
KAEF,Verdi Budidarmo,DIREKTUR UTAMA,True
KARW,Romeo Andres Salvador,DIREKTUR UTAMA,True
KAYU,"Nanang Sumartono H, SH",DIREKTUR UTAMA,True
KBAG,Nicholas Sumasto,DIREKTUR UTAMA,True
KBLI,MARCELLO THEODORE TAUFIK,PRESIDEN DIREKTUR,True
KBLM,Elly Soepono,PRESIDEN DIREKTUR,False
KBLV,Harianda Noerlan,PRESIDEN DIREKTUR,False
KBRI,Sonie Budi Wijaya,DIREKTUR UTAMA,True
KDSI,Permadi Al Suharto,PRESIDEN DIREKTUR,True
KEEN,Henry Maknawi,DIREKTUR UTAMA,True
KEJU,Sandjaya Rusli,DIREKTUR UTAMA,True
KIAS,Anusorn Potchanabanpot,DIREKTUR UTAMA,False
KICI,Ir. Ratna Setyakusuma,PRESIDEN DIREKTUR,True
KIJA,TEDJO BUDIANTO LIMAN,DIREKTUR UTAMA,False
KINO,Harry Sanusi,PRESIDEN DIREKTUR,True
KIOS,Reginald Trisna,DIREKTUR UTAMA,True
KJEN,Dewi Prasetyaningsih,DIREKTUR UTAMA,False
KKGI,Pintarso Adijanto,DIREKTUR UTAMA,True
KLBF,Vidjongtius,PRESIDEN DIREKTUR,True
KMDS,Hengky Wijaya,DIREKTUR UTAMA,True
KMTR,Martinus Subandi Sinarya,DIREKTUR UTAMA,True
KOBX,Humas Soputro,Direktur Utama,False
KOIN,Wichai Pokinwong,DIREKTUR UTAMA,True
KONI,SUGIANTO KOLIM,PRESIDEN DIREKTUR,False
KOPI,Ivo Wongkaren,DIREKTUR UTAMA,False
KOTA,Mohamad Prapanca,DIREKTUR UTAMA,True
KPAL,Rudy Kurniawan Logam,DIREKTUR UTAMA,True
KPAS,Marting Djapar,DIREKTUR UTAMA,True
KPIG,Hary Tanoesoedibjo,DIREKTUR UTAMA,False
KRAH,JOHANES BUDI KARTIKA,DIREKTUR UTAMA,True
KRAS,Silmy Karim,DIREKTUR UTAMA,False
KREN,Michael Steven,DIREKTUR UTAMA,True
LAND,Suryadi,DIREKTUR UTAMA,False
LAPD,Risming Andyanto,DIREKTUR UTAMA,True
LCGP,"Dr. Ir. Lukman Purnomosidi, MBA",DIREKTUR UTAMA,True
LCKM,Lim Kah Hock,DIREKTUR UTAMA,True
LEAD,Eddy Kurniawan Logam,PRESIDEN DIREKTUR,False
LIFE,Wianto,DIREKTUR UTAMA,True
LINK,Marlo Budiman,PRESIDEN DIREKTUR,True
LION,Cheng Yong Kim,DIREKTUR UTAMA,False
LMAS,Ibin Bachtiar,DIREKTUR UTAMA,True
LMPI,Hidayat Alim,DIREKTUR UTAMA,False
LMSH,Tjoe Tjoe Peng (Lawer Supendi),DIREKTUR UTAMA,False
LPCK,Sie Subiyanto,PRESIDEN DIREKTUR,True
LPGI,Agus Benjamin,PRESIDEN DIREKTUR,True
LPIN,Eddy Harsono Handoko,PRESIDEN DIREKTUR,True
LPKR,Ketut Budi Wijaya,PRESIDEN DIREKTUR,True
LPLI,Lukman Djaja,PRESIDEN DIREKTUR,True
LPPF,Bunjamin Jonatan Mailool,PRESIDEN DIREKTUR,True
LPPS,Rizal Paramarta,PRESIDEN DIREKTUR,True
LRNA,Soerbakti Gusti Terkelin,PRESIDEN DIREKTUR,False
LSIP,Benny (Benny Tjoeng),PRESIDEN DIREKTUR,False
LTLS,Indrawan Masrin,PRESIDEN DIREKTUR,True
LUCK,Josephine Handayani Hidajat,DIREKTUR UTAMA,False
MABA,Adrian Bramantyo,DIREKTUR UTAMA,False
MAGP,Petrus Tjandra,DIREKTUR UTAMA,True
MAIN,TAN SRI LAU TUANG NGUANG,PRESIDEN DIREKTUR,True
MAMI,Djaja Santoso,DIREKTUR UTAMA,True
MAPA,Michael David Capper,DIREKTUR UTAMA,True
MAPB,Anthony Cottan,DIREKTUR UTAMA,True
MAPI,H.B.L. Mantiri,PRESIDEN DIREKTUR,False
MARI,Adrian Syarkawie,DIREKTUR UTAMA,True
MARK,RIDWAN,PRESIDEN DIREKTUR,True
MASA,Steven Gommert Vette,PRESIDEN DIREKTUR,True
MAYA,Hariyono Tjahjarijadi,DIREKTUR UTAMA,False
MBAP,WIDADA,DIREKTUR UTAMA,True
MBSS,Carla Susana Iria Germino,DIREKTUR UTAMA,True
MBTO,Bryan David Emil,DIREKTUR UTAMA,False
MCAS,Martin Suharlie,DIREKTUR UTAMA,True
MCOR,You Wennan,DIREKTUR UTAMA,False
MDIA,Arief Yahya,DIREKTUR UTAMA,True
MDKA,Tri Boewono,PRESIDEN DIREKTUR,True
MDKI,Hiskak Secakusuma,DIREKTUR UTAMA,True
MDLN,William Honoris,DIREKTUR UTAMA,False
MDRN,Sungkono Honoris,DIREKTUR UTAMA,True
MEDC,Hilmi Panigoro,DIREKTUR UTAMA,True
MEGA,Kostaman Thayib,DIREKTUR UTAMA,True
MERK,Evie Yulin,PRESIDEN DIREKTUR,True
META,Muhammad Ramdani Basri ,DIREKTUR UTAMA,True
MFIN,Harryjanto Lasmana,DIREKTUR UTAMA,True
MFMI,Sylvia Lestariwati F K,PRESIDEN DIREKTUR,True
MGNA,Susilowati,DIREKTUR UTAMA,True
MGRO,Usli,DIREKTUR UTAMA,True
MICE,Anthony Honoris,DIREKTUR UTAMA,True
MIDI,Rullyanto,PRESIDEN DIREKTUR,False
MIKA,RUSTIYAN OEN,DIREKTUR UTAMA,True
MINA,Ifiandiaz Naszir,DIREKTUR UTAMA,False
MIRA,WIRAWAN HALIM,DIREKTUR UTAMA,True
MITI,SUGI HANDOKO,PRESIDEN DIREKTUR,True
MKNT,Jefri Junaedi,DIREKTUR UTAMA,False
MKPI,Ir. Husin Widjajakusuma ,PRESIDEN DIREKTUR,True
MLBI,Sandra Asher Pattenden,DIREKTUR,True
MLIA,Eka Tjandranegara,DIREKTUR UTAMA,False
MLPL,Adrian Suherman,PRESIDEN DIREKTUR,True
MLPT,Wahyudi Chandra,PRESIDEN DIREKTUR,True
MMLP,BONNY BUDI SETIAWAN,DIREKTUR UTAMA,False
MNCN,David Fernando Audy,DIREKTUR UTAMA,True
MOLI,"Adikin Basirun, SE",DIREKTUR UTAMA,True
MPMX,Suwito Mawarwati,DIREKTUR UTAMA,True
MPOW,Kang Jimmi,DIREKTUR UTAMA,False
MPPA,Adrian Suherman,PRESIDEN DIREKTUR,True
MPRO,RAYMOND,DIREKTUR UTAMA,False
MRAT,Ir. Bingar Egidius Situmorang,PRESIDEN DIREKTUR,False
MREI,YANTO JAYADI WIBISONO,PRESIDEN DIREKTUR,True
MSIN,Ella Kartika,DIREKTUR UTAMA,True
MSKY,Ade Tjendra,DIREKTUR UTAMA,True
MTDL,Agus Honggo Widodo,DIREKTUR,True
MTFN,Abas Soeriawidjaja,DIREKTUR UTAMA,False
MTLA,Thomas Johnnes Angfendy,PRESIDEN DIREKTUR,True
MTPS,Kahar Anwar,DIREKTUR UTAMA,True
MTRA,Bisman Novel Maraden Firdaus Simatupang,DIREKTUR UTAMA,True
MTSM,Rose Merry Maruli,PRESIDEN DIREKTUR,True
MTWI,Vientje Harijanto,DIREKTUR UTAMA,True
MYOH,Baek Weon Son,PRESIDEN DIREKTUR,True
MYOR,Andre Sukendra Atmadja,DIREKTUR UTAMA,True
MYRX,Benny Tjokrosaputro,DIREKTUR UTAMA,True
MYTX,Deepak Anand,PRESIDEN DIREKTUR,True
NASA,Erwin Kusnadi,DIREKTUR UTAMA,False
NATO,Gede Putu Adnawa,DIREKTUR UTAMA,False
NELY,HUSNI HERON,DIREKTUR UTAMA,True
NFCX,Abraham Theofilus,DIREKTUR UTAMA,True
NICK,Anton Santoso,DIREKTUR UTAMA,False
NIKL,Jetrinaldi,DIREKTUR UTAMA,True
NIPS,Jackson Tandiono,DIREKTUR UTAMA,False
NIRO,oekarman Wiraatmadja Kusnadi,DIREKTUR UTAMA,False
NISP,Parwati Surjaudaja,PRESIDEN DIREKTUR,True
NOBU,Suhaimin Djohan,DIREKTUR UTAMA,False
NRCA,Hadiwinarto Christanto,DIREKTUR UTAMA,True
NUSA,"Ir. Iwandono, MM",DIREKTUR UTAMA,False
NZIA,Novrizal Setyawan,DIREKTUR UTAMA,True
OASA,Ir. Freddy Santoso,DIREKTUR UTAMA,True
OCAP,Bagus Hananto,DIREKTUR UTAMA,True
OKAS,Rolaw P Samosir,DIREKTUR UTAMA,True
OMRE,Husni Ali,PRESIDEN DIREKTUR,True
OPMS,Meilyna Widjaja,DIREKTUR UTAMA,True
PADI,Djoko Joelijanto,DIREKTUR UTAMA,True
PALM,Tri Boewono,PRESIDEN DIREKTUR,False
PAMG,Christopher Sumasto Tjia,DIREKTUR UTAMA,True
PANI,Prilli Budi Pasravita Soetantyo,DIREKTUR UTAMA,True
PANR,Budijanto Tirtawisata,DIREKTUR UTAMA,True
PANS,Indra Christanto,PRESIDEN DIREKTUR,True
PBID,Djonny Taslim,DIREKTUR UTAMA,True
PBRX,Ludijanto Setijo,DIREKTUR UTAMA,True
PBSA,Yonggi Tanuwidjaja,DIREKTUR UTAMA,True
PCAR,Raditya Wardhana,DIREKTUR UTAMA,False
PDES,Hie Luang Kiauw,DIREKTUR UTAMA,True
PEGE,Justy Intan,DIREKTUR UTAMA,False
PEHA,Hadi Kardoko,DIREKTUR UTAMA,True
PGAS,Suko Hartono,DIREKTUR UTAMA,True
PGJO,Adi Putera Widjaja ,DIREKTUR UTAMA,False
PGLI,Nicholas Spassky Hutapea,PRESIDEN DIREKTUR,True
PGUN,Indra Irawan,DIREKTUR UTAMA,False
PICO,KO DANDY,DIREKTUR UTAMA,False
PJAA,Teuku Sahir Syahali,DIREKTUR UTAMA,True
PKPK,Soerjadi Soedarsono,DIREKTUR UTAMA,False
PLAS,Ario Purboyo,DIREKTUR UTAMA,True
PLIN,Rosano Barack,DIREKTUR UTAMA,False
PMJS,Fritz Gunawan,DIREKTUR UTAMA,True
PNBN,Herwidayatmo,PRESIDEN DIREKTUR,False
PNBS,Bratha,DIREKTUR UTAMA,False
PNGO,Bambang Palgoenadi,DIREKTUR UTAMA,False
PNIN,Paulus Indra Intan,PRESIDEN DIREKTUR,True
PNLF,Lianna Loren Limanto,PRESIDEN DIREKTUR,False
PNSE,Kristian Pudjiadi,DIREKTUR UTAMA,False
POLA,Mujoko Yandri Panjaitan,DIREKTUR UTAMA,True
POLI,RM Suryo Atmanto,DIREKTUR UTAMA,True
POLL,RM Suryo Atmanto,DIREKTUR UTAMA,True
POLU,Lie Iwan Aliwayana,DIREKTUR UTAMA,True
POLY,Vasudevan Ravi Shankar,DIREKTUR UTAMA,True
POOL,Evi Firmansyah,DIREKTUR UTAMA,False
PORT,Paul Krisnadi,DIREKTUR UTAMA,True
POSA,Gracianus Johardy Lambert,DIREKTUR UTAMA,True
POWR,Andrew Kukkutahlie Labbaika,DIREKTUR UTAMA,True
PPGL,Darmawan Suryadi SM,DIREKTUR UTAMA,True
PPRE,Rully Noviandar,DIREKTUR UTAMA,True
PPRO,Taufik Hidayat,DIREKTUR UTAMA,True
PRAS,DJOKO SUTRISNO,PRESIDEN DIREKTUR,False
PRDA,Dewi Muliaty,DIREKTUR UTAMA,False
PRIM,"Tommy Leonard, SH, M.Kn",DIREKTUR UTAMA,False
PSAB,Edi Permadi,DIREKTUR UTAMA,True
PSDN,Drs. Jeffry Sanusi Soedargo,PRESIDEN DIREKTUR,False
PSGO,Budiono Tanbun,DIREKTUR UTAMA,True
PSKT,SUWITO,DIREKTUR UTAMA,True
PSSI,Iriawan Ibarat,DIREKTUR UTAMA,True
PTBA,Arviyan Arifin ,DIREKTUR UTAMA,True
PTIS,Tan Kim Leng,DIREKTUR UTAMA,False
PTPP,Novel Arsyad,DIREKTUR UTAMA,False
PTPW,"Dr. Andreas Widhatama Kurniawan, ST, M.Sc",DIREKTUR UTAMA,True
PTRO,Hanifa Indradjaya,PRESIDEN DIREKTUR,True
PTSN,Abidin Fan,DIREKTUR UTAMA,True
PTSP,Henkie Sutjiewan,DIREKTUR,False
PUDP,"Damian Pudjiadi, MBA",DIREKTUR UTAMA,True
PURA,Ariel Wibisono,DIREKTUR UTAMA,True
PURE,"Petrus Tjandra, MBA",DIREKTUR UTAMA,True
PURI,Eko Saputro Wijaya,DIREKTUR UTAMA,True
PWON,A. Stefanus Ridwan Suhendra,PRESIDEN DIREKTUR,False
PYFA,dr. Paulus Widjanarko Brotosaputro,DIREKTUR,True
PZZA,Steven Christopher Lee,DIREKTUR UTAMA,True
RAJA,Djauhar Maulidi,DIREKTUR UTAMA,True
RALS,Agus Makmur,DIREKTUR UTAMA,True
RANC,Meshvara Kanjaya,DIREKTUR UTAMA,True
RBMS,Deddy Indrasetiawan,DIREKTUR UTAMA,True
RDTX,WIRIADY WIDJAJA,DIREKTUR UTAMA,True
REAL,Aulia Firdaus,DIREKTUR UTAMA,True
RELI,Sriwidjaja,PRESIDEN DIREKTUR,False
RICY,PAULUS GUNAWAN,DIREKTUR UTAMA,True
RIGS,Mastura Binti Mansor,PRESIDEN DIREKTUR,True
RIMO,Teddy Tjokrosapoetro,DIREKTUR UTAMA,False
RISE,Belinda Natalia,DIREKTUR UTAMA,True
RMBA,Steven Gerald Pore,PRESIDEN DIREKTUR,True
ROCK,Po Wiwiek Purnomo,DIREKTUR UTAMA,True
RODA,Sicilia Alexander Setiawan,DIREKTUR,True
RONY,Jang Rony Yuwono,DIREKTUR UTAMA,False
ROTI,Wendy Sui Cheng Yap,PRESIDEN DIREKTUR,False
RUIS,SOFWAN FARISYI,DIREKTUR UTAMA,True
SAFE,John Pieter Sembiring,DIREKTUR UTAMA,False
SAME,"dr. Maria Theresia Yulita, MARS, MSM",PRESIDEN DIREKTUR,True
SAMF,Ir. Yahya Taufik,DIREKTUR UTAMA,True
SAPX,Budiyanto Darmastono,PRESIDEN DIREKTUR,True
SATU,Johan Prasetyo Santoso,DIREKTUR UTAMA,True
SBAT,Jefri Junaedi,DIREKTUR UTAMA,True
SCCO,Bayu Adiwijaya Soepono,PRESIDEN DIREKTUR,False
SCMA,Sutanto Hartono,DIREKTUR UTAMA,True
SCNP,Hendrik Nursalim,DIREKTUR UTAMA,False
SCPI,George Boshra Zaki Demian,DIREKTUR UTAMA,True
SDMU,Tjoe Mien Sasminto,DIREKTUR UTAMA,True
SDPC,AHMAD BIN ABU BAKAR,DIREKTUR UTAMA,True
SDRA,Choi Jung Hoon,PRESIDEN DIREKTUR,False
SFAN,Hary Herdiyanto,DIREKTUR UTAMA,True
SGER,Welly Thomas,DIREKTUR UTAMA,True
SGRO,Budi Setiawan Halim,DIREKTUR UTAMA,False
SHID,"Dr.Ir.H.HARIYADI B.SUKAMDANI, MM",DIREKTUR UTAMA,True
SHIP,Herjati,DIREKTUR UTAMA,False
SIDO,David Hidayat,DIREKTUR UTAMA,True
SILO,Ketut Budi Wijaya,PRESIDEN DIREKTUR,True
SIMA,"Ifiandiaz Nazir, SH",DIREKTUR UTAMA,False
SIMP,Mark Julian Wakeford,DIREKTUR UTAMA,False
SINI,Erick Tonny Tjandra,DIREKTUR UTAMA,True
SIPD,TOMY WATTEMENA WIDJAJA,DIREKTUR UTAMA,True
SKLT,Oei Harry Sunogo,PRESIDEN DIREKTUR,True
SKRN,Yafin Tandiono Tan,DIREKTUR UTAMA,True
SKYB,Wahyu Mulyana,DIREKTUR UTAMA,False
SLIS,Edi Hanafiah Kwanto,DIREKTUR UTAMA,True
SMAR,Jo Daud Dharsono,DIREKTUR UTAMA,True
SMBR,JOBI TRIANANDA HASJIM,DIREKTUR UTAMA,True
SMCB,Aulia Mulki Oemar,PRESIDEN DIREKTUR,True
SMDM,Kenneth Lian,PRESIDEN DIREKTUR,True
SMDR,Bani Maulana Mulia,DIREKTUR UTAMA,True
SMGR,Hendi Prio Santoso,DIREKTUR UTAMA,True
SMKL,Ang Kinardo,DIREKTUR UTAMA,False
SMMA,Doddy Susanto,DIREKTUR UTAMA,True
SMMT,Roza Permana Putra,DIREKTUR UTAMA,True
SMRA,Ir. Adrianto Pitoyo Adhi,DIREKTUR UTAMA,True
SMRU,Jokky Wahyoedi Hidayat,DIREKTUR UTAMA,False
SMSM,Eddy Hartono,DIREKTUR UTAMA,False
SOCI,Go Darmadi,DIREKTUR UTAMA,False
SOFA,Hardy Satya,DIREKTUR UTAMA,True
SOHO,Rogelio Paulino Jr. Castillo La O,PRESIDEN DIREKTUR,False
SONA,Ir. Wong Budi Setiawan,PRESIDEN DIREKTUR,True
SOSS,Herman Julianto,DIREKTUR UTAMA,True
SOTS,STEVANO RIZKI ADRANACUS,DIREKTUR UTAMA,True
SPMA,Welly,PRESIDEN DIREKTUR,True
SPOT,Harish Adrian Riyanto ,DIREKTUR UTAMA,True
SPTO,Tjahjono Alim ,PRESIDEN DIREKTUR,False
SQMI,Oktavia Budi Raharjo,DIREKTUR UTAMA,True
SRAJ,Grace Dewi Riady,DIREKTUR UTAMA,True
SRIL,Iwan Setiawan Lukminto,DIREKTUR UTAMA,True
SRSN,BUDHI MOELJONO,PRESIDEN DIREKTUR,True
SRTG,Michael W.P. Soeryadjaya,PRESIDEN DIREKTUR,True
SSIA,Johannes Suriadjaja,PRESIDEN DIREKTUR,True
SSMS,Ramzi Sastra,DIREKTUR,True
SSTM,Purnawan Suriadi,DIREKTUR UTAMA,True
STAR,Asep Mulyana,DIREKTUR UTAMA,True
STTP,Agus Suhartanto,DIREKTUR UTAMA,False
SUDI,Drs. Heru Subagio,DIREKTUR UTAMA,True
SUGI,Abhaya Bhushan Chatterjee,DIREKTUR UTAMA,False
SULI,Amir Sunarko,PRESIDEN DIREKTUR,True
SUPR,Nobel Tanihaha,DIREKTUR UTAMA,True
SURE,AGUSTUS SANI NUGROHO,DIREKTUR UTAMA,True
SWAT,SHIO ALIM SUSANTO,DIREKTUR UTAMA,True
TAMA,Alex Widjaja,DIREKTUR UTAMA,True
TAMU,Kardja Rahardjo,DIREKTUR UTAMA,True
TARA,Dedi Djajasastra,DIREKTUR UTAMA,False
TAXI,Johannes B.E.Triatmojo,DIREKTUR UTAMA,True
TBIG,Herman Setya Budi,PRESIDEN DIREKTUR,True
TBLA,Widarto,PRESIDEN DIREKTUR,True
TBMS,SATOSHI TOSAKA,PRESIDEN DIREKTUR,False
TCID,Masahiro Ueda,PRESIDEN DIREKTUR,True
TCPI,Dirc Richard Talumewo,DIREKTUR UTAMA,True
TDPM,Choi Choon Ha,PRESIDEN DIREKTUR,False
TEBE,Dian Heryandi,DIREKTUR UTAMA,True
TECH,Billy Andrian,DIREKTUR UTAMA,False
TELE,TAN LIE PIN,DIREKTUR UTAMA,False
TFAS,Jody Hedrian,DIREKTUR UTAMA,True
TFCO,Anton Wiratama,PRESIDEN DIREKTUR,True
TGKA,Lianne Widjaja,PRESIDEN DIREKTUR,False
TGRA,Djani Sutedja,DIREKTUR UTAMA,True
TIFA,Bernard Thien Ted Nam,PRESIDEN DIREKTUR,False
TINS,M Riza Pahlevi Tabrani,DIREKTUR UTAMA,False
TIRA,Selo Winardi,DIREKTUR UTAMA,True
TIRT,Djohan Surja Putra,PRESIDEN DIREKTUR,True
TKIM,Suhendra Wiriadinata,DIREKTUR UTAMA,True
TLKM,Ririek Adriansyah,DIREKTUR UTAMA,True
TMAS,Sutikno Khusumo,DIREKTUR UTAMA,True
TMPO,Toriq Hadad,DIREKTUR UTAMA,True
TNCA,Arifin Seman,DIREKTUR UTAMA,True
TOBA,Justarina S.M Naiborhu,DIREKTUR UTAMA,True
TOPS,Donald Sihombing,DIREKTUR UTAMA,True
TOTL,Janti Komadjaja,PRESIDEN DIREKTUR,False
TOTO,HANAFI ATMADIREDJA,PRESIDEN DIREKTUR,True
TOWR,Ferdinandus Aming Santoso,DIREKTUR UTAMA,True
TOYS,Iwan Tirtha ,DIREKTUR UTAMA,True
TPIA,Erwin Ciputra,PRESIDEN DIREKTUR,True
TPMA,Ronny Kurniawan,DIREKTUR UTAMA,False
TRAM,Soebianto Hidayat,DIREKTUR UTAMA,False
TRIL,Lukas Maulana Jusuf,DIREKTUR UTAMA,True
TRIM,Syafriandi Armand Saleh,DIREKTUR,True
TRIN,Stanley Setiadi,DIREKTUR,True
TRIO,Sugiono Wiyono Sugialam,PRESIDEN DIREKTUR,False
TRIS,Santoso Widjojo,DIREKTUR UTAMA,False
TRJA,Lexi Roland Rompas,DIREKTUR UTAMA,False
TRST,Sugeng Kurniawan,DIREKTUR UTAMA,True
TRUK,Budi Gunawan,DIREKTUR UTAMA,True
TRUS,SUPARMAN SULINA,DIREKTUR UTAMA,False
TSPC,Diana Wirawan,PRESIDEN DIREKTUR,True
TUGU,Indra Baruna,PRESIDEN DIREKTUR,True
TURI,Rico Adisurja Setiawan,DIREKTUR UTAMA,True
UANG,Johan Yudhya Santosa,DIREKTUR UTAMA,True
UCID,Yuji Ishii,DIREKTUR UTAMA,False
ULTJ,Sabana Prawirawidjaja,PRESIDEN DIREKTUR,True
UNIC,Yani Alifen,PRESIDEN DIREKTUR,False
UNIT,Prianto Paseru,DIREKTUR UTAMA,False
UNSP,Bayu Irianto,DIREKTUR UTAMA,False
UNTR,Frans Kesuma,PRESIDEN DIREKTUR,True
UNVR,Hemant Bakshi,PRESIDEN DIREKTUR,True
URBN,Bambang Sumargono,DIREKTUR UTAMA,True
VICO,Aldo Jusuf Tjahaja,DIREKTUR UTAMA,True
VINS,Suwandi Suharto,DIREKTUR UTAMA,False
VIVA,Anindya Novyan Bakrie,PRESIDEN DIREKTUR,True
VOKS,David Lius,DIREKTUR UTAMA,True
VRNA,Konosuke Mizuta,DIREKTUR UTAMA,True
WAPO,ARTHA LOVIE A,DIREKTUR UTAMA,True
WEGE,NARIMAN PRASETYO,DIREKTUR UTAMA,True
WEHA,ANGRETA CHANDRA,DIREKTUR UTAMA,True
WICO,Tay Lim Pin,PRESIDEN DIREKTUR,True
WIIM,Ronald Walla,DIREKTUR UTAMA,True
WIKA,AGUNG BUDI WASKITO,DIREKTUR UTAMA,True
WINS,Sugiman Layanto,DIREKTUR UTAMA,True
WOMF,Djaja Suryanto Sutandar,PRESIDEN DIREKTUR,True
WOOD,Halim Rusli,DIREKTUR UTAMA,True
WOWS,Jimmy Hidayat,DIREKTUR UTAMA,True
WSBP,Jarot Subana,DIREKTUR UTAMA,False
WSKT,Destiawan Soewardjono,DIREKTUR UTAMA,True
WTON,Hadian Pramudita,DIREKTUR UTAMA,True
YELO,Wewy Suwanto,DIREKTUR UTAMA,True
YPAS,JAP IRWAN SUSANTO,DIREKTUR UTAMA,False
YULE,Vera Marlinata Widjaya,DIREKTUR UTAMA,False
ZADI,David Jerry Fike,DIREKTUR UTAMA,True
ZBRA,"Drs. H. Mulyadi, MM",DIREKTUR UTAMA,True
ZINC,Harjanto Widjaja,DIREKTUR UTAMA,False
ZONE,FRANXISCUS AFAT ADINATA NURSALIM,DIREKTUR UTAMA,True
